Authors,Year,Link,Affiliations,Authors with affiliations
"Maia M.D., Silveira V., Caldas P.S.",1990,"https://www.scopus.com/inward/record.uri?eid=2-s2.0-44949286981&doi=10.1016%2f0375-9601%2890%2990759-H&partnerID=40&md5=6def89959e746ebed5a3339e21621b73","Universidade de Brasília, Departamento de Física, 70.919 Brasília, DF, Brazil","Maia, M.D., Universidade de Brasília, Departamento de Física, 70.919 Brasília, DF, Brazil; Silveira, V., Universidade de Brasília, Departamento de Física, 70.919 Brasília, DF, Brazil; Caldas, P.S., Universidade de Brasília, Departamento de Física, 70.919 Brasília, DF, Brazil"
"Marsden P.D.",1990,"https://www.scopus.com/inward/record.uri?eid=2-s2.0-0025696053&partnerID=40&md5=56d5eafba9b0a9f104fb4aac4940cf34","Nucleo de Medicina Tropical, Universidade de Brasilia, CP 153127, 70.010 Brasilia, Brazil","Marsden, P.D., Nucleo de Medicina Tropical, Universidade de Brasilia, CP 153127, 70.010 Brasilia, Brazil"
"Couto da Silva J.M., Aldrete J.A.",1990,"https://www.scopus.com/inward/record.uri?eid=2-s2.0-0025654618&partnerID=40&md5=42a85929aa828a1ab17ca1636edab529","Department of Anesthesiology, University of Brasilia, DF-Brasil.","Couto da Silva, J.M., Department of Anesthesiology, University of Brasilia, DF-Brasil.; Aldrete, J.A., Department of Anesthesiology, University of Brasilia, DF-Brasil."
"Casulari da Motta L.D., Casulari Roxo da Motta L.A., De Toledo Gagliardi A.R., Ferraz E.M.",1990,"https://www.scopus.com/inward/record.uri?eid=2-s2.0-0025645744&partnerID=40&md5=8f0139cda153ca5408e9ca22f38a30a5","Departamento de Ginecologia e Obstetrica, Faculdade de Ciencias da Saude, Universidade de Brasilia, 70910 Brasilia, Brazil","Casulari da Motta, L.D., Departamento de Ginecologia e Obstetrica, Faculdade de Ciencias da Saude, Universidade de Brasilia, 70910 Brasilia, Brazil; Casulari Roxo da Motta, L.A., Departamento de Ginecologia e Obstetrica, Faculdade de Ciencias da Saude, Universidade de Brasilia, 70910 Brasilia, Brazil; De Toledo Gagliardi, A.R., Departamento de Ginecologia e Obstetrica, Faculdade de Ciencias da Saude, Universidade de Brasilia, 70910 Brasilia, Brazil; Ferraz, E.M., Departamento de Ginecologia e Obstetrica, Faculdade de Ciencias da Saude, Universidade de Brasilia, 70910 Brasilia, Brazil"
"Alve de Souza J., Penida Consone D.",1990,"https://www.scopus.com/inward/record.uri?eid=2-s2.0-0025611697&partnerID=40&md5=1c787a0d13f019cdcb6c12a045f5a49c","Faculdade de Ciencias da Saude, Departamento de Clinica Cirurgica, Universidade de Brasilia, Campus Asa Norte, 70910 Brasilia, Brazil","Alve de Souza, J., Faculdade de Ciencias da Saude, Departamento de Clinica Cirurgica, Universidade de Brasilia, Campus Asa Norte, 70910 Brasilia, Brazil; Penida Consone, D., Faculdade de Ciencias da Saude, Departamento de Clinica Cirurgica, Universidade de Brasilia, Campus Asa Norte, 70910 Brasilia, Brazil"
"Bermudez L.A.",1990,"https://www.scopus.com/inward/record.uri?eid=2-s2.0-0025525905&partnerID=40&md5=3aa07e1fc7afa62f591786f7e04bf12b","Univ of Brasilia, Brasilia, Brazil","Bermudez, L.A., Univ of Brasilia, Brasilia, Brazil"
"Cox H.M., Aspnes D.E., Allen S.J., Bastos P., Hwang D.M., Mahajan S., Shahid M.A., Morais P.C.",1990,"https://www.scopus.com/inward/record.uri?eid=2-s2.0-0008781308&doi=10.1063%2f1.103613&partnerID=40&md5=da039b11895916f040de6d1a5d5b32d0","Bellcore, Red Bank, NJ 07701; Carnegie Mellon University, Pittsburgh, PA 15213; University of Brasilia, 70 910 Brasilia DF, Brazil","Cox, H.M., Bellcore, Red Bank, NJ 07701; Aspnes, D.E., Bellcore, Red Bank, NJ 07701; Allen, S.J., Bellcore, Red Bank, NJ 07701; Bastos, P., Bellcore, Red Bank, NJ 07701; Hwang, D.M., Bellcore, Red Bank, NJ 07701; Mahajan, S., Carnegie Mellon University, Pittsburgh, PA 15213; Shahid, M.A., Carnegie Mellon University, Pittsburgh, PA 15213; Morais, P.C., University of Brasilia, 70 910 Brasilia DF, Brazil"
"Teixeira A.R.L., Santana J.M.",1990,"https://www.scopus.com/inward/record.uri?eid=2-s2.0-0025079265&partnerID=40&md5=edc041482f3df8742a9d27412a5e0ebf","Faculty of Health Sciences, Laboratory of Immunopathology, University of Brasilia, 70.910 Brasilia, Brazil","Teixeira, A.R.L., Faculty of Health Sciences, Laboratory of Immunopathology, University of Brasilia, 70.910 Brasilia, Brazil; Santana, J.M., Faculty of Health Sciences, Laboratory of Immunopathology, University of Brasilia, 70.910 Brasilia, Brazil"
"Dianese J.C., Dristig M.C.G., Cruzc A.P.",1990,"https://www.scopus.com/inward/record.uri?eid=2-s2.0-0002936649&doi=10.1071%2fAPP9900071&partnerID=40&md5=94f6334aa3e15b741bb03a2b05344adb","Departmento de Fitopatalogia, Universidade de Brasilia, 70919, D.F., Brazil; Companhia Florestal Monte Dourado, Monte Dourado, 68240, Para, Brazil","Dianese, J.C., Departmento de Fitopatalogia, Universidade de Brasilia, 70919, D.F., Brazil; Dristig, M.C.G., Departmento de Fitopatalogia, Universidade de Brasilia, 70919, D.F., Brazil; Cruzc, A.P., Companhia Florestal Monte Dourado, Monte Dourado, 68240, Para, Brazil"
"Oliveira C.G., Leonardos O.H.",1990,"https://www.scopus.com/inward/record.uri?eid=2-s2.0-0001364625&doi=10.2113%2fgsecongeo.85.5.1034&partnerID=40&md5=bac876149c7ea9c5c7d2ef4d07d7283e","Institute de Geociencias, Universidade de Brasilia, 70910 Brasilia, Brazil","Oliveira, C.G., Institute de Geociencias, Universidade de Brasilia, 70910 Brasilia, Brazil; Leonardos, O.H., Institute de Geociencias, Universidade de Brasilia, 70910 Brasilia, Brazil"
"Starling F.L.R.M., Rocha A.J.A.",1990,"https://www.scopus.com/inward/record.uri?eid=2-s2.0-17944399326&doi=10.1007%2fBF02530375&partnerID=40&md5=beeeeb96e7dbe21ab33ac88e9de480a3","Companhia de Água e Esgotos de Brasília (CAESB), Seção de Estudos de Poluição Hídrica, Diretoria de Tecnologia Ambiental, Q.04 B1.A no 67/97 SCS, Brasília-DF, 70300, Brazil; Departamento de Ecologia, Universidade de Brasília, Brasília-DF, 70910, Brazil","Starling, F.L.R.M., Companhia de Água e Esgotos de Brasília (CAESB), Seção de Estudos de Poluição Hídrica, Diretoria de Tecnologia Ambiental, Q.04 B1.A no 67/97 SCS, Brasília-DF, 70300, Brazil; Rocha, A.J.A., Departamento de Ecologia, Universidade de Brasília, Brasília-DF, 70910, Brazil"
"Coelho C.E.S., Touray J.C., Dardenne M.A., Beny C.",1990,"https://www.scopus.com/inward/record.uri?eid=2-s2.0-0343357255&doi=10.2113%2fgsecongeo.85.5.1024&partnerID=40&md5=6452b728a4e802fbc002bee4b3016087","Ecole Superieure de l'Energie et des Materiaux, Universite d'Orleans, Laboratoire de Metallogenie et Geochimie Minerale, Orleans 45067 Cedex 2, France; Departamento National da Froduqao Mineral, Divisdo de Geologia e Mineralogia, Brasilia-DF, 70040, Brazil; Ecole Superieure de I'Energie et des Materiaux, Universite D'Orleans, Laboratoire de Metallogenie et Geochimie Minerale, URA no. 1366 du cnrs, Orleans 45067 Cedex 2, France; Universidade de Brasilia, Instituto de Geociencias, Departamento de Geoquimica e Recursos Minerals, Brastlia-DF, 70910, Brazil; GIS-BRGM-CNRS, 1A rue de la Ferollerie, 45071, Orleans Cedex 2, France","Coelho, C.E.S., Ecole Superieure de l'Energie et des Materiaux, Universite d'Orleans, Laboratoire de Metallogenie et Geochimie Minerale, Orleans 45067 Cedex 2, France, Departamento National da Froduqao Mineral, Divisdo de Geologia e Mineralogia, Brasilia-DF, 70040, Brazil; Touray, J.C., Ecole Superieure de I'Energie et des Materiaux, Universite D'Orleans, Laboratoire de Metallogenie et Geochimie Minerale, URA no. 1366 du cnrs, Orleans 45067 Cedex 2, France; Dardenne, M.A., Universidade de Brasilia, Instituto de Geociencias, Departamento de Geoquimica e Recursos Minerals, Brastlia-DF, 70910, Brazil; Beny, C., GIS-BRGM-CNRS, 1A rue de la Ferollerie, 45071, Orleans Cedex 2, France"
"Bicca-Maroues J.C.",1990,"https://www.scopus.com/inward/record.uri?eid=2-s2.0-3543027813&doi=10.1007%2fBF02381117&partnerID=40&md5=a0bd884515c2f245df2513b79721ea4d","Laboratório de Zoologia e Ecologia Animal, Depto. de Biologia Animal ICB, Universidade de Brasilia, Brasilia, D. F., 70910, Brazil","Bicca-Maroues, J.C., Laboratório de Zoologia e Ecologia Animal, Depto. de Biologia Animal ICB, Universidade de Brasilia, Brasilia, D. F., 70910, Brazil"
"Dorea J.G., Merchan-Hamann E., Ryan D.E., Holzbecher J.",1990,"https://www.scopus.com/inward/record.uri?eid=2-s2.0-0025231272&partnerID=40&md5=1f6c01f0cf4cd70ee7d24e3bb679d029","Division of Nutrition and Tropical Medicine, University of Brasilia, C.P. 15-2772, 70919 Brasilia, Brazil","Dorea, J.G., Division of Nutrition and Tropical Medicine, University of Brasilia, C.P. 15-2772, 70919 Brasilia, Brazil; Merchan-Hamann, E., Division of Nutrition and Tropical Medicine, University of Brasilia, C.P. 15-2772, 70919 Brasilia, Brazil; Ryan, D.E., Division of Nutrition and Tropical Medicine, University of Brasilia, C.P. 15-2772, 70919 Brasilia, Brazil; Holzbecher, J., Division of Nutrition and Tropical Medicine, University of Brasilia, C.P. 15-2772, 70919 Brasilia, Brazil"
"Ferraz A., Dezaneti L.M., Quezado S.",1990,"https://www.scopus.com/inward/record.uri?eid=2-s2.0-45149139362&doi=10.1016%2f0378-4371%2890%2990244-M&partnerID=40&md5=57847ab167b686a9cf54adb9d715025d","Centro Internacional de Física da Matéria Condensada, Departamento de Física, Universidade de Brasília, C.P. 15-3117, 70919 Brasília, DF, Brazil","Ferraz, A., Centro Internacional de Física da Matéria Condensada, Departamento de Física, Universidade de Brasília, C.P. 15-3117, 70919 Brasília, DF, Brazil; Dezaneti, L.M., Centro Internacional de Física da Matéria Condensada, Departamento de Física, Universidade de Brasília, C.P. 15-3117, 70919 Brasília, DF, Brazil; Quezado, S., Centro Internacional de Física da Matéria Condensada, Departamento de Física, Universidade de Brasília, C.P. 15-3117, 70919 Brasília, DF, Brazil"
"Giuliani G., Rodriguez C.T., Rueda F.",1990,"https://www.scopus.com/inward/record.uri?eid=2-s2.0-0025431727&doi=10.1007%2fBF00208852&partnerID=40&md5=1e7427cf25b4acffba5d2808e593c8c4","ORSTOM. Universidade de Brasilia, Institute de Geociências, Brasilia, 70140, Brazil; Centre de Recherches Pétrographiques et Géochimiques, 15 Rue N.D. des Pauvres, Vandoeuvre, 54501, France; Empresa Colombiana de Minas, calle 32, n 1307, Bogotà, Colombia","Giuliani, G., ORSTOM. Universidade de Brasilia, Institute de Geociências, Brasilia, 70140, Brazil, Centre de Recherches Pétrographiques et Géochimiques, 15 Rue N.D. des Pauvres, Vandoeuvre, 54501, France; Rodriguez, C.T., Empresa Colombiana de Minas, calle 32, n 1307, Bogotà, Colombia; Rueda, F., Empresa Colombiana de Minas, calle 32, n 1307, Bogotà, Colombia"
"Aquino R., Ferrari I.",1990,"https://www.scopus.com/inward/record.uri?eid=2-s2.0-0002522408&doi=10.1007%2fBF00055229&partnerID=40&md5=6b7e3140e525317d4564a6659f4d08f0","Genetics Department, Ribeirão Preto Medical School, Univ. S. Paulo, Brazil; Genetics Department, Biosciences Institute, Univ. of Brasilia, Brazil","Aquino, R., Genetics Department, Ribeirão Preto Medical School, Univ. S. Paulo, Brazil; Ferrari, I., Genetics Department, Biosciences Institute, Univ. of Brasilia, Brazil"
"Ferraz E.M., Gray R.H., Cunha T.M.",1990,"https://www.scopus.com/inward/record.uri?eid=2-s2.0-0025198951&doi=10.1093%2fije%2f19.1.101&partnerID=40&md5=befd93aa0fd6d47f7e3822195ebb65b5","University of Brasilia, Department of Obstetrics and Gynecology, Brasilia, Brazil; Johns Hopkins University, Department of Population Dynamics, Baltimore, MD, United States; University Federal do Rio Grande do Norte, Natal, Brazil","Ferraz, E.M., University of Brasilia, Department of Obstetrics and Gynecology, Brasilia, Brazil; Gray, R.H., Johns Hopkins University, Department of Population Dynamics, Baltimore, MD, United States; Cunha, T.M., University Federal do Rio Grande do Norte, Natal, Brazil"
"Báo S.N., Dolder H.",1990,"https://www.scopus.com/inward/record.uri?eid=2-s2.0-0025173799&doi=10.1007%2fBF00315864&partnerID=40&md5=973cb16c8b8306a62633fa84a4bd4099","Departmento de Biologia Animal, C. Postal 153081, Universidade de Brasília, Brasília, DF, 70919, Brazil; Departamento de Biologia Celular, Instituto de Biologia, C. Postal 6109, UNICAMP, Campinas, S. Paulo, 13081, Brazil","Báo, S.N., Departmento de Biologia Animal, C. Postal 153081, Universidade de Brasília, Brasília, DF, 70919, Brazil; Dolder, H., Departamento de Biologia Celular, Instituto de Biologia, C. Postal 6109, UNICAMP, Campinas, S. Paulo, 13081, Brazil"
"De Oliveira A.M.S., Abdalla H., Jr., Bermudez L.A.",1990,"https://www.scopus.com/inward/record.uri?eid=2-s2.0-85075526779&doi=10.1117%2f12.2301505&partnerID=40&md5=3744081a33680bd856f42a5870be499c","Universidade de Brasília, Departamento de Engenharia Elétrica, Caixa Postal 153041, Brasilia - DF, 70910, Brazil","De Oliveira, A.M.S., Universidade de Brasília, Departamento de Engenharia Elétrica, Caixa Postal 153041, Brasilia - DF, 70910, Brazil; Abdalla, H., Jr., Universidade de Brasília, Departamento de Engenharia Elétrica, Caixa Postal 153041, Brasilia - DF, 70910, Brazil; Bermudez, L.A., Universidade de Brasília, Departamento de Engenharia Elétrica, Caixa Postal 153041, Brasilia - DF, 70910, Brazil"
"Ramos A.R.",1990,"https://www.scopus.com/inward/record.uri?eid=2-s2.0-85005386561&doi=10.1525%2fcan.1990.5.4.02a00080&partnerID=40&md5=fe274bb305c663809d517a373ed597be","Universidade de Brasíliá, Brazil","Ramos, A.R., Universidade de Brasíliá, Brazil"
"Ferraz A., Nazareno H.",1990,"https://www.scopus.com/inward/record.uri?eid=2-s2.0-84963164097&doi=10.1080%2f00319109008028458&partnerID=40&md5=08d8b27daf4b3d09f02b2e52f1cd8a40","Centro Internacional de Fisica da Matéria Condensada, Departamento de Fisica, Universidade de Brasília, 70919 Brasilia-DF, Brazil","Ferraz, A., Centro Internacional de Fisica da Matéria Condensada, Departamento de Fisica, Universidade de Brasília, 70919 Brasilia-DF, Brazil; Nazareno, H., Centro Internacional de Fisica da Matéria Condensada, Departamento de Fisica, Universidade de Brasília, 70919 Brasilia-DF, Brazil"
"Sidki S.",1990,"https://www.scopus.com/inward/record.uri?eid=2-s2.0-38249018226&doi=10.1016%2f0021-8693%2890%2990211-6&partnerID=40&md5=c08a5439fcb51055361dd461ff276c92","Universidade de Brasília, Departamento de Matemática, 70.910 Brasília, DF, Brazil","Sidki, S., Universidade de Brasília, Departamento de Matemática, 70.910 Brasília, DF, Brazil"
"Costa D.G., Gonçalves J.V.A.",1990,"https://www.scopus.com/inward/record.uri?eid=2-s2.0-38249016910&doi=10.1016%2f0022-247X%2890%2990226-6&partnerID=40&md5=597954f62cfc23d363a430a003eae18c","Departamento de Matematica, Universidade de Brasilia, 70910 Brasilia, DF, Brazil","Costa, D.G., Departamento de Matematica, Universidade de Brasilia, 70910 Brasilia, DF, Brazil; Gonçalves, J.V.A., Departamento de Matematica, Universidade de Brasilia, 70910 Brasilia, DF, Brazil"
"De Azeredo Campos R.",1990,"https://www.scopus.com/inward/record.uri?eid=2-s2.0-36549104792&doi=10.1063%2f1.528755&partnerID=40&md5=37f2ba973c592de342c18e526cb7d47a","Departamento de Física, Universidade de Brasília, 70.910 Brasília DF, Brazil","De Azeredo Campos, R., Departamento de Física, Universidade de Brasília, 70.910 Brasília DF, Brazil"
"Cavalcante J.A., Silva J.A.",1990,"https://www.scopus.com/inward/record.uri?eid=2-s2.0-36549098109&doi=10.1063%2f1.528704&partnerID=40&md5=58a6e699575e1ed57fe8bdfc7941f59d","Departamento de Matemática, Universidade de Brasília, 70.910 Brasília D.F., Brazil","Cavalcante, J.A., Departamento de Matemática, Universidade de Brasília, 70.910 Brasília D.F., Brazil; Silva, J.A., Departamento de Matemática, Universidade de Brasília, 70.910 Brasília D.F., Brazil"
"Filho O.L.S., Fonseca A.L.A., Nazareno H.N., Guimares P.H.A.",1990,"https://www.scopus.com/inward/record.uri?eid=2-s2.0-35949010783&doi=10.1103%2fPhysRevA.42.4008&partnerID=40&md5=b9104ac8d0c6b3ef2bd105d8898e9c88","Departamento de Física, Universidade de Brasília, 70910 Brasilia, Distrito Federal, Brazil","Filho, O.L.S., Departamento de Física, Universidade de Brasília, 70910 Brasilia, Distrito Federal, Brazil; Fonseca, A.L.A., Departamento de Física, Universidade de Brasília, 70910 Brasilia, Distrito Federal, Brazil; Nazareno, H.N., Departamento de Física, Universidade de Brasília, 70910 Brasilia, Distrito Federal, Brazil; Guimares, P.H.A., Departamento de Física, Universidade de Brasília, 70910 Brasilia, Distrito Federal, Brazil"
"Gargano R., Fonseca A.L.A., Nunes O.A.C.",1990,"https://www.scopus.com/inward/record.uri?eid=2-s2.0-1542589304&doi=10.1103%2fPhysRevA.42.7421&partnerID=40&md5=ea963610460914c2b3565a7fe2675286","Physics Department, University of Brasília, 70910 Brasília, DF, Brazil","Gargano, R., Physics Department, University of Brasília, 70910 Brasília, DF, Brazil; Fonseca, A.L.A., Physics Department, University of Brasília, 70910 Brasília, DF, Brazil; Nunes, O.A.C., Physics Department, University of Brasília, 70910 Brasília, DF, Brazil"
"Almeida M.C., Bacchi C.E., Queiroz L.S., Facure N.O.",1990,"https://www.scopus.com/inward/record.uri?eid=2-s2.0-0344329582&partnerID=40&md5=69d9726b54f16eb8ade853496ebf5496","Departamento de Medicina Complementar, Universidade de Brasilia., Brazil","Almeida, M.C., Departamento de Medicina Complementar, Universidade de Brasilia., Brazil; Bacchi, C.E., Departamento de Medicina Complementar, Universidade de Brasilia., Brazil; Queiroz, L.S., Departamento de Medicina Complementar, Universidade de Brasilia., Brazil; Facure, N.O., Departamento de Medicina Complementar, Universidade de Brasilia., Brazil"
"Gargano R., Fonseca A.L.A., Nunes O.A.C.",1990,"https://www.scopus.com/inward/record.uri?eid=2-s2.0-0039096228&doi=10.1103%2fPhysRevA.41.2138&partnerID=40&md5=6ae052886bc8db7577eedf8e8ca9e38b","Physics Department, University of Brasiiaalia, 70 910 Brasiiaalia, DF, Brazil","Gargano, R., Physics Department, University of Brasiiaalia, 70 910 Brasiiaalia, DF, Brazil; Fonseca, A.L.A., Physics Department, University of Brasiiaalia, 70 910 Brasiiaalia, DF, Brazil; Nunes, O.A.C., Physics Department, University of Brasiiaalia, 70 910 Brasiiaalia, DF, Brazil"
"Muniz-Junqueira M.I., Tosta C.E., Prata A.",1990,"https://www.scopus.com/inward/record.uri?eid=2-s2.0-0025670661&doi=10.1590%2fS0037-86821990000100005&partnerID=40&md5=4b266ca96ea7eced7e1bbe6e24245aab","Departamento de Pediatria, Faculdade de Ciencias da Saude, Universidade de Brasilia, 70910 Brasilia, Brazil","Muniz-Junqueira, M.I., Departamento de Pediatria, Faculdade de Ciencias da Saude, Universidade de Brasilia, 70910 Brasilia, Brazil; Tosta, C.E., Departamento de Pediatria, Faculdade de Ciencias da Saude, Universidade de Brasilia, 70910 Brasilia, Brazil; Prata, A., Departamento de Pediatria, Faculdade de Ciencias da Saude, Universidade de Brasilia, 70910 Brasilia, Brazil"
"DA SILVA J.B.T., ROITMAN I.",1990,"https://www.scopus.com/inward/record.uri?eid=2-s2.0-0025637657&doi=10.1111%2fj.1550-7408.1990.tb01258.x&partnerID=40&md5=568f14fe4d8ef4168561d48bb2d8b4a4","Departamento de Biologia Celular, Universidade de Brasília, Brasília, Brazil","DA SILVA, J.B.T., Departamento de Biologia Celular, Universidade de Brasília, Brasília, Brazil; ROITMAN, I., Departamento de Biologia Celular, Universidade de Brasília, Brasília, Brazil"
"Menezes M.N.A., Garcia-Zapata M.T.A., Soares V.A., Vidal M.A.S., Lima J.C., Marsden P.D.",1990,"https://www.scopus.com/inward/record.uri?eid=2-s2.0-0025607237&doi=10.1016%2f0035-9203%2890%2990086-T&partnerID=40&md5=a8d5e640413aacee55ed45b1261dc5a1","N¥cleo de Medicina Tropical, Universidade de Brasília, Brasilía, DF, Brazil","Menezes, M.N.A., N¥cleo de Medicina Tropical, Universidade de Brasília, Brasilía, DF, Brazil; Garcia-Zapata, M.T.A., N¥cleo de Medicina Tropical, Universidade de Brasília, Brasilía, DF, Brazil; Soares, V.A., N¥cleo de Medicina Tropical, Universidade de Brasília, Brasilía, DF, Brazil; Vidal, M.A.S., N¥cleo de Medicina Tropical, Universidade de Brasília, Brasilía, DF, Brazil; Lima, J.C., N¥cleo de Medicina Tropical, Universidade de Brasília, Brasilía, DF, Brazil; Marsden, P.D., N¥cleo de Medicina Tropical, Universidade de Brasília, Brasilía, DF, Brazil"
"Klein T.A., Lima J.B.",1990,"https://www.scopus.com/inward/record.uri?eid=2-s2.0-0025583018&partnerID=40&md5=5ca6bd796620e12c3a1ae930eb8a670a","Nucleo de Medicina Tropical e Nutricao, Universidade de Brasilia, Brasil, Brazil","Klein, T.A., Nucleo de Medicina Tropical e Nutricao, Universidade de Brasilia, Brasil, Brazil; Lima, J.B., Nucleo de Medicina Tropical e Nutricao, Universidade de Brasilia, Brasil, Brazil"
"Junqueira Júnior L.F.",1990,"https://www.scopus.com/inward/record.uri?eid=2-s2.0-0025527970&partnerID=40&md5=b2c49713850818fe96f8d330bbc7f8c4","Departamento de Clínica Médica, Faculdade de Ciências da Saúde, Universidade de Brasília, DF, Brasil, Brazil","Junqueira Júnior, L.F., Departamento de Clínica Médica, Faculdade de Ciências da Saúde, Universidade de Brasília, DF, Brasil, Brazil"
"Cuba C.A., Ferreira V., Bampi M., Magalhães A., Marsden P.D., Vexenat A., De Mello M.T.",1990,"https://www.scopus.com/inward/record.uri?eid=2-s2.0-0025501059&doi=10.1590%2fS0074-02761990000400011&partnerID=40&md5=6572c4237f7b9c9a769a0e7cec7b3a86","Laboratório de Parasitologia, Faculdade de Ciências da Saúde, Universidade de Brasília., Brazil","Cuba, C.A., Laboratório de Parasitologia, Faculdade de Ciências da Saúde, Universidade de Brasília., Brazil; Ferreira, V., Laboratório de Parasitologia, Faculdade de Ciências da Saúde, Universidade de Brasília., Brazil; Bampi, M., Laboratório de Parasitologia, Faculdade de Ciências da Saúde, Universidade de Brasília., Brazil; Magalhães, A., Laboratório de Parasitologia, Faculdade de Ciências da Saúde, Universidade de Brasília., Brazil; Marsden, P.D., Laboratório de Parasitologia, Faculdade de Ciências da Saúde, Universidade de Brasília., Brazil; Vexenat, A., Laboratório de Parasitologia, Faculdade de Ciências da Saúde, Universidade de Brasília., Brazil; De Mello, M.T., Laboratório de Parasitologia, Faculdade de Ciências da Saúde, Universidade de Brasília., Brazil"
"Sobral D.T.",1990,"https://www.scopus.com/inward/record.uri?eid=2-s2.0-0025496577&partnerID=40&md5=12c9d3bc17ccf98e042c9c65419df4a0","Universidade de Brasília, Brasil, Brazil","Sobral, D.T., Universidade de Brasília, Brasil, Brazil"
"de Almeida M.C., Vianna L.G., Moraes M.A.",1990,"https://www.scopus.com/inward/record.uri?eid=2-s2.0-0025478746&partnerID=40&md5=60e8243227cb27f56e24ff409a66dd7b","Universidade de Brasília, DF, Brasil, Brazil","de Almeida, M.C., Universidade de Brasília, DF, Brasil, Brazil; Vianna, L.G., Universidade de Brasília, DF, Brasil, Brazil; Moraes, M.A., Universidade de Brasília, DF, Brasil, Brazil"
"Moraes M.A., Silva A.E., Raick A.N.",1990,"https://www.scopus.com/inward/record.uri?eid=2-s2.0-0025461575&partnerID=40&md5=158e8bace8f4b6321b92271c64579a94","Faculdade de Ciências da Saúde, Universidade de Brasilia, DF., Brazil","Moraes, M.A., Faculdade de Ciências da Saúde, Universidade de Brasilia, DF., Brazil; Silva, A.E., Faculdade de Ciências da Saúde, Universidade de Brasilia, DF., Brazil; Raick, A.N., Faculdade de Ciências da Saúde, Universidade de Brasilia, DF., Brazil"
"Portilho O.",1990,"https://www.scopus.com/inward/record.uri?eid=2-s2.0-0025446847&doi=10.1016%2f0010-4655%2890%2990183-2&partnerID=40&md5=37ba9f505618c7a60291bbb61588b178","Departamento de Fisica, Universidade de Brasilia, 70910 Brasilia, DF, Brazil","Portilho, O., Departamento de Fisica, Universidade de Brasilia, 70910 Brasilia, DF, Brazil"
"Malvar H.S.",1990,"https://www.scopus.com/inward/record.uri?eid=2-s2.0-0025445496&doi=10.1109%2f29.56057&partnerID=40&md5=8e631a2a1dc5b09725552a078e1839fe","Department of Electrical Engineering, Universidade de Brasilia, 70910 Brasilia, DF, Brazil","Malvar, H.S., Department of Electrical Engineering, Universidade de Brasilia, 70910 Brasilia, DF, Brazil"
"Malvar H.S.",1990,"https://www.scopus.com/inward/record.uri?eid=2-s2.0-0025445314&doi=10.1049%2fel%3a19900592&partnerID=40&md5=4bbded2e48749edec75903b5bda3c784","Dept. de Engenharia Eletrica, Universidade de Brasilia, 70.910, DF, Brasilia, Brazil","Malvar, H.S., Dept. de Engenharia Eletrica, Universidade de Brasilia, 70.910, DF, Brasilia, Brazil"
"Ventura M.M.",1990,"https://www.scopus.com/inward/record.uri?eid=2-s2.0-0025444184&partnerID=40&md5=f724e16e0185778f77345357def0c5fc","Departamento de Biologia Celular, Universidade de Brasília., Brazil","Ventura, M.M., Departamento de Biologia Celular, Universidade de Brasília., Brazil"
"Fortes-Rêgo J.",1990,"https://www.scopus.com/inward/record.uri?eid=2-s2.0-0025435717&partnerID=40&md5=597eb1521118d2951d4f711ff98230e3","Departamento de Medicina Especializada da Faculdade de Ciências da Saúde da Universidade de Brasília, Brasil","Fortes-Rêgo, J., Departamento de Medicina Especializada da Faculdade de Ciências da Saúde da Universidade de Brasília, Brasil"
"Sakai J.W., Nunes O.A.C.",1990,"https://www.scopus.com/inward/record.uri?eid=2-s2.0-0025431391&doi=10.1016%2f0038-1098%2890%2990510-I&partnerID=40&md5=ba0cd27c06b6236229071378779a5bfd","Physics Department, University of Brasilia, 70910 Brasilia, DF, Brazil","Sakai, J.W., Physics Department, University of Brasilia, 70910 Brasilia, DF, Brazil; Nunes, O.A.C., Physics Department, University of Brasilia, 70910 Brasilia, DF, Brazil"
"Netto E.M., Marsden P.D., Carvalho E.M.",1990,"https://www.scopus.com/inward/record.uri?eid=2-s2.0-0025417729&doi=10.1590%2fS0037-86821990000200012&partnerID=40&md5=b5c1e1799fef9a07b097d7b55dacc591","Núcleo de Medicina Tropical e Nutrição, Universidade de Brasília, DF, Brasil, Brazil","Netto, E.M., Núcleo de Medicina Tropical e Nutrição, Universidade de Brasília, DF, Brasil, Brazil; Marsden, P.D., Núcleo de Medicina Tropical e Nutrição, Universidade de Brasília, DF, Brasil, Brazil; Carvalho, E.M., Núcleo de Medicina Tropical e Nutrição, Universidade de Brasília, DF, Brasil, Brazil"
"Partridge P.W., Brebbia C.A.",1990,"https://www.scopus.com/inward/record.uri?eid=2-s2.0-0025388196&doi=10.1002%2fcnm.1630060204&partnerID=40&md5=2612b12e3f21c8d21a31c1069d8c59db","Univ de Brasilia, Brazil","Partridge, P.W., Univ de Brasilia, Brazil; Brebbia, C.A., Univ de Brasilia, Brazil"
"Castro C., Sampaio R.N., Maraden P.D.",1990,"https://www.scopus.com/inward/record.uri?eid=2-s2.0-0025347470&doi=10.1016%2f0035-9203%2890%2990318-9&partnerID=40&md5=634be6d4fe51564c4199846a2870da03","Hospital Presidente Médci, Universidade de Brasília, Brasília, DF, Brazil","Castro, C., Hospital Presidente Médci, Universidade de Brasília, Brasília, DF, Brazil; Sampaio, R.N., Hospital Presidente Médci, Universidade de Brasília, Brasília, DF, Brazil; Maraden, P.D., Hospital Presidente Médci, Universidade de Brasília, Brasília, DF, Brazil"
"Marsden P.D.",1990,"https://www.scopus.com/inward/record.uri?eid=2-s2.0-0025341342&partnerID=40&md5=211346211e75babf39cfa80c2d8a657a","Nucleo de Medicina Tropical, Universidade de Brasilia, CP 153121, 70.010 Brasilia D.F., Brazil","Marsden, P.D., Nucleo de Medicina Tropical, Universidade de Brasilia, CP 153121, 70.010 Brasilia D.F., Brazil"
"Teixeira A.R.L., Cunha Neto E., Rizzo L.V., Silva R.",1990,"https://www.scopus.com/inward/record.uri?eid=2-s2.0-0025224254&doi=10.1093%2finfdis%2f162.6.1420&partnerID=40&md5=6ee01ece74cb30d587b28788b60a374d","Laboratory of Immunopathology, University of Brasília, Brazil","Teixeira, A.R.L., Laboratory of Immunopathology, University of Brasília, Brazil; Cunha Neto, E., Laboratory of Immunopathology, University of Brasília, Brazil; Rizzo, L.V., Laboratory of Immunopathology, University of Brasília, Brazil; Silva, R., Laboratory of Immunopathology, University of Brasília, Brazil"
"Marsden P.D.",1990,"https://www.scopus.com/inward/record.uri?eid=2-s2.0-0025217364&partnerID=40&md5=4ad97f26c73a4b3712215e1581e4e2fe","Nucleo de Medicina Tropical, Universidade de Brasilia, CP 153121, 70.010 Brasilia DF, Brazil","Marsden, P.D., Nucleo de Medicina Tropical, Universidade de Brasilia, CP 153121, 70.010 Brasilia DF, Brazil"
"Botelho N.F., Roger G.",1990,"https://www.scopus.com/inward/record.uri?eid=2-s2.0-0025205413&partnerID=40&md5=2aa3e84dd72f08ad28c088e125fc11fa","Instituto de Geociencias, Universidade de Brasilia 70910 Brasilia DF, Bresil","Botelho, N.F., Instituto de Geociencias, Universidade de Brasilia 70910 Brasilia DF, Bresil; Roger, G., Instituto de Geociencias, Universidade de Brasilia 70910 Brasilia DF, Bresil"
"Vianna L.G., Maoedo V., Mello P., Souza H.A.O., Costa J.M.",1990,"https://www.scopus.com/inward/record.uri?eid=2-s2.0-0025203478&doi=10.1590%2fS0004-282X1990000400005&partnerID=40&md5=667255678a5e65e4a5d434cf55d03d8b","Faculdade de Ciencias de Saude, Departamento de Clinica Medica, Universidade de Brasili, Campus Universitario, Asa Norte - 70919 Brasilia DF, Brazil","Vianna, L.G., Faculdade de Ciencias de Saude, Departamento de Clinica Medica, Universidade de Brasili, Campus Universitario, Asa Norte - 70919 Brasilia DF, Brazil; Maoedo, V., Faculdade de Ciencias de Saude, Departamento de Clinica Medica, Universidade de Brasili, Campus Universitario, Asa Norte - 70919 Brasilia DF, Brazil; Mello, P., Faculdade de Ciencias de Saude, Departamento de Clinica Medica, Universidade de Brasili, Campus Universitario, Asa Norte - 70919 Brasilia DF, Brazil; Souza, H.A.O., Faculdade de Ciencias de Saude, Departamento de Clinica Medica, Universidade de Brasili, Campus Universitario, Asa Norte - 70919 Brasilia DF, Brazil; Costa, J.M., Faculdade de Ciencias de Saude, Departamento de Clinica Medica, Universidade de Brasili, Campus Universitario, Asa Norte - 70919 Brasilia DF, Brazil"
"Marsden P.D.",1990,"https://www.scopus.com/inward/record.uri?eid=2-s2.0-0025186153&partnerID=40&md5=c25180296704742c1da81c66b56aeda8","Nucleo de Medicina Tropical, Universidade de Brasilia, CP 151321, 70.010 Brasilia DF, Brazil","Marsden, P.D., Nucleo de Medicina Tropical, Universidade de Brasilia, CP 151321, 70.010 Brasilia DF, Brazil"
"Marsden P.D.",1990,"https://www.scopus.com/inward/record.uri?eid=2-s2.0-0025174876&partnerID=40&md5=0406d204bf864c503df8ee5c50850e4d","Nucleo de Medicina Tropical, Universidade de Brasilia, CP 153121, 70.010 Brasilia DF, Brazil","Marsden, P.D., Nucleo de Medicina Tropical, Universidade de Brasilia, CP 153121, 70.010 Brasilia DF, Brazil"
"Veiga J.P.R., Khanam R., Rosa T.T., Junqueira Jr. L.F., Brant P.C., Raick A.N., Friedman H., Marsden P.D.",1990,"https://www.scopus.com/inward/record.uri?eid=2-s2.0-0025155601&doi=10.1590%2fS0036-46651990000400012&partnerID=40&md5=34d4327dd2d6e708cf868b1a217daf66","Departamento de Clinica Medica, Faculdade de Ciencias da Saude, Universidade de Brasilia, 70910 Brasilia, Brazil","Veiga, J.P.R., Departamento de Clinica Medica, Faculdade de Ciencias da Saude, Universidade de Brasilia, 70910 Brasilia, Brazil; Khanam, R., Departamento de Clinica Medica, Faculdade de Ciencias da Saude, Universidade de Brasilia, 70910 Brasilia, Brazil; Rosa, T.T., Departamento de Clinica Medica, Faculdade de Ciencias da Saude, Universidade de Brasilia, 70910 Brasilia, Brazil; Junqueira Jr., L.F., Departamento de Clinica Medica, Faculdade de Ciencias da Saude, Universidade de Brasilia, 70910 Brasilia, Brazil; Brant, P.C., Departamento de Clinica Medica, Faculdade de Ciencias da Saude, Universidade de Brasilia, 70910 Brasilia, Brazil; Raick, A.N., Departamento de Clinica Medica, Faculdade de Ciencias da Saude, Universidade de Brasilia, 70910 Brasilia, Brazil; Friedman, H., Departamento de Clinica Medica, Faculdade de Ciencias da Saude, Universidade de Brasilia, 70910 Brasilia, Brazil; Marsden, P.D., Departamento de Clinica Medica, Faculdade de Ciencias da Saude, Universidade de Brasilia, 70910 Brasilia, Brazil"
"Teixeira A.R.L., Silva R., Cunha Neto E., Santana J.M., Rizzo L.V.",1990,"https://www.scopus.com/inward/record.uri?eid=2-s2.0-0025126590&doi=10.1016%2fS0021-9975%2808%2980133-8&partnerID=40&md5=b8a021841593a334416c764443b1385d","Department of Pathology, Faculty of Health Sciences, University of Brasília, Brasília, 70 910, Brazil","Teixeira, A.R.L., Department of Pathology, Faculty of Health Sciences, University of Brasília, Brasília, 70 910, Brazil; Silva, R., Department of Pathology, Faculty of Health Sciences, University of Brasília, Brasília, 70 910, Brazil; Cunha Neto, E., Department of Pathology, Faculty of Health Sciences, University of Brasília, Brasília, 70 910, Brazil; Santana, J.M., Department of Pathology, Faculty of Health Sciences, University of Brasília, Brasília, 70 910, Brazil; Rizzo, L.V., Department of Pathology, Faculty of Health Sciences, University of Brasília, Brasília, 70 910, Brazil"
"Teixeira A.R.L., Cordoba J.C., Maior I.S., Solorzano E.",1990,"https://www.scopus.com/inward/record.uri?eid=2-s2.0-0025088618&doi=10.4269%2fajtmh.1990.43.146&partnerID=40&md5=271b9147c9ac4b318417fa77f5a513ce","Immunopathology Laboratory, Faculty of Health Sciences, University of Brasilia, 70.910 Brasilia, Brazil","Teixeira, A.R.L., Immunopathology Laboratory, Faculty of Health Sciences, University of Brasilia, 70.910 Brasilia, Brazil; Cordoba, J.C., Immunopathology Laboratory, Faculty of Health Sciences, University of Brasilia, 70.910 Brasilia, Brazil; Maior, I.S., Immunopathology Laboratory, Faculty of Health Sciences, University of Brasilia, 70.910 Brasilia, Brazil; Solorzano, E., Immunopathology Laboratory, Faculty of Health Sciences, University of Brasilia, 70.910 Brasilia, Brazil"
"Marsden P.D.",1990,"https://www.scopus.com/inward/record.uri?eid=2-s2.0-0025039865&partnerID=40&md5=6604705ad1c3d18154b158d5b85e4b72","Nucleo de Medicina Tropical, Universidade de Brasilia-CP 153121, 70.010 Brasilia DF, Brazil","Marsden, P.D., Nucleo de Medicina Tropical, Universidade de Brasilia-CP 153121, 70.010 Brasilia DF, Brazil"
"Garcia L.A.M., Roitman I.",1990,"https://www.scopus.com/inward/record.uri?eid=2-s2.0-0025011683&doi=10.2307%2f3282994&partnerID=40&md5=287b56c3d7be09b85c9d0b9f513803c0","Departamento de Biologia Celular, Universidade de Brasilia, 70.919 Brasilia, DF, Brazil","Garcia, L.A.M., Departamento de Biologia Celular, Universidade de Brasilia, 70.919 Brasilia, DF, Brazil; Roitman, I., Departamento de Biologia Celular, Universidade de Brasilia, 70.919 Brasilia, DF, Brazil"
"Magalhaes C.A.",1990,"https://www.scopus.com/inward/record.uri?eid=2-s2.0-0011465311&doi=10.1080%2f03605309908820724&partnerID=40&md5=b0289d88fe49e3fd5db417c39f265a94","Universidade de Brasilia, Departamento de Maternatica, Brazil","Magalhaes, C.A., Universidade de Brasilia, Departamento de Maternatica, Brazil"
"Rabelo M.L., Tenenblat K.",1990,"https://www.scopus.com/inward/record.uri?eid=2-s2.0-0010949428&doi=10.1063%2f1.528727&partnerID=40&md5=e74db3c938547a7b69749021ddf2fb92","Institute de Ciencias Exatas, Departamento de Matematica, Universidade de Brasilia, C. P. 153101, 70910 Brasilia D. F., Brazil","Rabelo, M.L., Institute de Ciencias Exatas, Departamento de Matematica, Universidade de Brasilia, C. P. 153101, 70910 Brasilia D. F., Brazil; Tenenblat, K., Institute de Ciencias Exatas, Departamento de Matematica, Universidade de Brasilia, C. P. 153101, 70910 Brasilia D. F., Brazil"
"Silveira V.",1990,"https://www.scopus.com/inward/record.uri?eid=2-s2.0-0010175020&doi=10.1103%2fPhysRevD.41.1914&partnerID=40&md5=3eaf465b4b8921ece00068486a973db8","Departamento de Física, Universidade de Brasília, 70 910 Brasília, DF, Brazil","Silveira, V., Departamento de Física, Universidade de Brasília, 70 910 Brasília, DF, Brazil"
"Goncalves J.V.A.",1990,"https://www.scopus.com/inward/record.uri?eid=2-s2.0-0001184058&doi=10.1016%2f0362-546X%2890%2990074-Q&partnerID=40&md5=65fe942a29787372159be2cf693f12ee","Universidade de Brasilia, Departamento de Matematica, 70910 Brasilia, DF, Brazil","Goncalves, J.V.A., Universidade de Brasilia, Departamento de Matematica, 70910 Brasilia, DF, Brazil"
"Oakland T., Wechsler S.",1990,"https://www.scopus.com/inward/record.uri?eid=2-s2.0-84964166179&doi=10.1177%2f0143034390114006&partnerID=40&md5=43b5dc08db7ec078383fadbc28e01772","University of Texas, Austin, United States; Universidade de Brasilia, Brazil","Oakland, T., University of Texas, Austin, United States; Wechsler, S., Universidade de Brasilia, Brazil"
"Salgado-Labouriau M.L., Rinaldi M.",1990,"https://www.scopus.com/inward/record.uri?eid=2-s2.0-84946344430&doi=10.1080%2f00173139009427742&partnerID=40&md5=a388c194c93d63bbad9494c39fe1932b","Dept. Geologia Geral, Instituto de Geocièncias, Universidade de Brasilia, Brasilia, D.F, 70910, Brazil; Centro de Ecologia y Ciencias Ambientales, IVIC, Apartado 1827, Caracas, 1020A, Venezuela","Salgado-Labouriau, M.L., Dept. Geologia Geral, Instituto de Geocièncias, Universidade de Brasilia, Brasilia, D.F, 70910, Brazil; Rinaldi, M., Centro de Ecologia y Ciencias Ambientales, IVIC, Apartado 1827, Caracas, 1020A, Venezuela"
"Partridge P.W., Brebbia C.A.",1990,"https://www.scopus.com/inward/record.uri?eid=2-s2.0-44949269048&doi=10.1016%2f0955-7997%2890%2990017-4&partnerID=40&md5=f28f63106dd9c6cc1076f6f3c5a1cb56","Dept de Eng. Civil, Universidade de Brasília, Brazil; Computational Mechanics Institute, Wessex Institute of Technology, Ashurst Lodge, Ashurst, Southampton, SO4 2AA, UK, United Kingdom","Partridge, P.W., Dept de Eng. Civil, Universidade de Brasília, Brazil; Brebbia, C.A., Computational Mechanics Institute, Wessex Institute of Technology, Ashurst Lodge, Ashurst, Southampton, SO4 2AA, UK, United Kingdom"
"Mirza M.K., Nevest F.J.R., Finkelstein L.",1990,"https://www.scopus.com/inward/record.uri?eid=2-s2.0-38249019247&doi=10.1016%2f0263-2241%2890%2990070-M&partnerID=40&md5=643cb7c3d0c7c08f18f4b8d6a6135b3b","Measurement and Instrumentation Centre, Department of Electrical, Electronic and Information Engineering, City University, Northampton Square, London, EC1V 0HB England, United Kingdom; Department of Mechanical Engineering, Universidade de Brasilia, Campus Universitario, 70910 Brasilia, Brazil","Mirza, M.K., Measurement and Instrumentation Centre, Department of Electrical, Electronic and Information Engineering, City University, Northampton Square, London, EC1V 0HB England, United Kingdom; Nevest, F.J.R., Department of Mechanical Engineering, Universidade de Brasilia, Campus Universitario, 70910 Brasilia, Brazil; Finkelstein, L., Measurement and Instrumentation Centre, Department of Electrical, Electronic and Information Engineering, City University, Northampton Square, London, EC1V 0HB England, United Kingdom"
"Báo S.N., Dolder H.",1990,"https://www.scopus.com/inward/record.uri?eid=2-s2.0-38249018022&doi=10.1111%2fj.1463-6395.1990.tb01075.x&partnerID=40&md5=48c1bfe41906a65e9c9b25e0cff2b6ce","Department of Genetics and Morphology, University of Brasília, Brasília, 70910, Brazil; Department of Cell Biology, Institute of Biology, University of Campinas, CP. 6109, Campinas, Sao Paulo, 13.081, Brazil","Báo, S.N., Department of Genetics and Morphology, University of Brasília, Brasília, 70910, Brazil; Dolder, H., Department of Cell Biology, Institute of Biology, University of Campinas, CP. 6109, Campinas, Sao Paulo, 13.081, Brazil"
"Brito J.J.S., Frota H.O.",1990,"https://www.scopus.com/inward/record.uri?eid=2-s2.0-35949013259&doi=10.1103%2fPhysRevB.42.6378&partnerID=40&md5=129bc190ccafcce34f1a7e8ba247f3b9","Departamento de Fisica, Universidade de Brasilia, Brasilia, 70910, Brazil; Department of Physics and Astronomy, University of Tennessee, Knoxville, TN 37996, United States","Brito, J.J.S., Departamento de Fisica, Universidade de Brasilia, Brasilia, 70910, Brazil; Frota, H.O., Department of Physics and Astronomy, University of Tennessee, Knoxville, TN 37996, United States"
"Guerra Jr. J.M., Marques G.C., Rodrigues S.J.",1990,"https://www.scopus.com/inward/record.uri?eid=2-s2.0-3042869883&doi=10.1103%2fPhysRevD.42.2022&partnerID=40&md5=4594efa9fc2f998485710f2a976c1a1d","Instituto de Física, Universidade de São Paulo, São Paulo, Brazil; Departamento de Matemtica, Universidade de Brasília, Brasília, Distrito Federal, Brazil","Guerra Jr., J.M., Instituto de Física, Universidade de São Paulo, São Paulo, Brazil; Marques, G.C., Instituto de Física, Universidade de São Paulo, São Paulo, Brazil; Rodrigues, S.J., Departamento de Matemtica, Universidade de Brasília, Brasília, Distrito Federal, Brazil"
"Ikuta N., Souza M.B.N., Valencia F.F., Castro M.E.B., Schenberg A.C.G., Pizzirani-Kleiner A., Astolfi-Filho S.",1990,"https://www.scopus.com/inward/record.uri?eid=2-s2.0-11944250678&doi=10.1038%2fnbt0390-241&partnerID=40&md5=af15d736f73d1e5821b3be3ac1b6c20b","Genetics Institute, Escola Superior de Agricultura Luiz de Queiroz, Universidade de Sao Paulo, Caixa Postal 83, Piracicaba, 13400, Brazil; Department of Cell Biology, Instituto de Ciências Biológicas, Universidade de Brasilia, Brasilia, CEP 70000, Brazil; Department of Microbiology, Instituto de Ciências Biomédicas, Universidade de Sâo Paulo, Cidade Universitâria, Sâo Paulo, CEP 05508, Brazil","Ikuta, N., Genetics Institute, Escola Superior de Agricultura Luiz de Queiroz, Universidade de Sao Paulo, Caixa Postal 83, Piracicaba, 13400, Brazil; Souza, M.B.N., Department of Cell Biology, Instituto de Ciências Biológicas, Universidade de Brasilia, Brasilia, CEP 70000, Brazil; Valencia, F.F., Department of Cell Biology, Instituto de Ciências Biológicas, Universidade de Brasilia, Brasilia, CEP 70000, Brazil; Castro, M.E.B., Department of Cell Biology, Instituto de Ciências Biológicas, Universidade de Brasilia, Brasilia, CEP 70000, Brazil; Schenberg, A.C.G., Department of Microbiology, Instituto de Ciências Biomédicas, Universidade de Sâo Paulo, Cidade Universitâria, Sâo Paulo, CEP 05508, Brazil; Pizzirani-Kleiner, A., Genetics Institute, Escola Superior de Agricultura Luiz de Queiroz, Universidade de Sao Paulo, Caixa Postal 83, Piracicaba, 13400, Brazil; Astolfi-Filho, S., Department of Cell Biology, Instituto de Ciências Biológicas, Universidade de Brasilia, Brasilia, CEP 70000, Brazil"
"Wechsler S., Oakland T.",1990,"https://www.scopus.com/inward/record.uri?eid=2-s2.0-0347663305&doi=10.1177%2f0143034390112001&partnerID=40&md5=8f8e2eca02e582123c15530a26ec44ec","University of Brasilia, Brazil; University of Texas, United States","Wechsler, S., University of Brasilia, Brazil; Oakland, T., University of Texas, United States"
"Ryan L., Vexenat A., Marsden P.D., Lainson R., Shaw J.J.",1990,"https://www.scopus.com/inward/record.uri?eid=2-s2.0-0025611428&doi=10.1016%2f0035-9203%2890%2990080-X&partnerID=40&md5=4a73234968503b492fb2130bc291f884","The Wellcome Parasitolgy Unit, Carxa Postal 3, Belém, Pará, 66·001, Brazil; Núcleo de Medicina Tropical e Nutrição, Universidade de Brasía, DF, Brazil","Ryan, L., The Wellcome Parasitolgy Unit, Carxa Postal 3, Belém, Pará, 66·001, Brazil; Vexenat, A., Núcleo de Medicina Tropical e Nutrição, Universidade de Brasía, DF, Brazil; Marsden, P.D., Núcleo de Medicina Tropical e Nutrição, Universidade de Brasía, DF, Brazil; Lainson, R., The Wellcome Parasitolgy Unit, Carxa Postal 3, Belém, Pará, 66·001, Brazil; Shaw, J.J., The Wellcome Parasitolgy Unit, Carxa Postal 3, Belém, Pará, 66·001, Brazil"
"Granada J.C., Oliveira F.A.",1990,"https://www.scopus.com/inward/record.uri?eid=2-s2.0-0025457865&doi=10.1016%2f0038-1098%2890%2990264-C&partnerID=40&md5=ede3f0257badf81b543ee347b4431959","International Centre for Theoretical Physics, 34100 Trieste, Italy; International Centre of Condensed Matter Physics, Universidade de Brasilia, Asa Norte, 70910 Brasilia, Brazil","Granada, J.C., International Centre for Theoretical Physics, 34100 Trieste, Italy; Oliveira, F.A., International Centre of Condensed Matter Physics, Universidade de Brasilia, Asa Norte, 70910 Brasilia, Brazil"
"Soares A.J.M., Fonseca S.B.A., Giarola A.J.",1990,"https://www.scopus.com/inward/record.uri?eid=2-s2.0-0025449240&doi=10.1109%2f8.55594&partnerID=40&md5=445c763fffc8e942bc4ed2efb6616f98","Electrical Engineering Department, University of Brasilia, 70910-Brasilia, DF, Brazil; Electrical Engineering Department, University of Brasilia, 70910-Brasilia, DF, Brazil; School of Electrical Engineering, State University of Campinas, 13081-Campinas, SP, Brazil","Soares, A.J.M., Electrical Engineering Department, University of Brasilia, 70910-Brasilia, DF, Brazil; Fonseca, S.B.A., Electrical Engineering Department, University of Brasilia, 70910-Brasilia, DF, Brazil; Giarola, A.J., School of Electrical Engineering, State University of Campinas, 13081-Campinas, SP, Brazil"
"Lago L., Vieira J.B., Costa J.L.M., Marsden P.D.",1990,"https://www.scopus.com/inward/record.uri?eid=2-s2.0-0025372132&doi=10.1016%2f0035-9203%2890%2990271-F&partnerID=40&md5=c0d53face8c65f34d5751faaf04906ef","SUCAM, Ministry of Health, Brasília, D.F., Brazil; University of Brasília, Brasília, D.F., Brazil","Lago, L., SUCAM, Ministry of Health, Brasília, D.F., Brazil; Vieira, J.B., SUCAM, Ministry of Health, Brasília, D.F., Brazil; Costa, J.L.M., University of Brasília, Brasília, D.F., Brazil; Marsden, P.D., University of Brasília, Brasília, D.F., Brazil"
"Ikuta N., Souza M.B.N., Valencia F.F., Castro M.E.B., Schenberg A.C.G., Pizzirani-Kleiner A., Astolfi-Filho S.",1990,"https://www.scopus.com/inward/record.uri?eid=2-s2.0-0025319759&doi=10.1038%2fnbt0390-241&partnerID=40&md5=d01d5e70144d95645a89580bac8b6608","Genetics Institute, Esc. Sup. de Agric. Luiz de Queiroz, Universidade de Sao Paulo, Caixa Postal 83, Piracicaba, CEP 13400, SP, Brazil; Department of Cell Biology, Inst. de Cie. Biológicas, Universidade de Brasília, Brasília, CEP 70000, DF, Brazil; Department of Microbiology, Inst. de Cie. Biomédicas, Universidade de São Paulo, São Paulo, CEP 05508, SP, Brazil","Ikuta, N., Genetics Institute, Esc. Sup. de Agric. Luiz de Queiroz, Universidade de Sao Paulo, Caixa Postal 83, Piracicaba, CEP 13400, SP, Brazil; Souza, M.B.N., Department of Cell Biology, Inst. de Cie. Biológicas, Universidade de Brasília, Brasília, CEP 70000, DF, Brazil; Valencia, F.F., Department of Cell Biology, Inst. de Cie. Biológicas, Universidade de Brasília, Brasília, CEP 70000, DF, Brazil; Castro, M.E.B., Department of Cell Biology, Inst. de Cie. Biológicas, Universidade de Brasília, Brasília, CEP 70000, DF, Brazil; Schenberg, A.C.G., Department of Microbiology, Inst. de Cie. Biomédicas, Universidade de São Paulo, São Paulo, CEP 05508, SP, Brazil; Pizzirani-Kleiner, A., Genetics Institute, Esc. Sup. de Agric. Luiz de Queiroz, Universidade de Sao Paulo, Caixa Postal 83, Piracicaba, CEP 13400, SP, Brazil; Astolfi-Filho, S., Department of Cell Biology, Inst. de Cie. Biológicas, Universidade de Brasília, Brasília, CEP 70000, DF, Brazil"
"Camargo E.P., Kastelein P., Roitman I.",1990,"https://www.scopus.com/inward/record.uri?eid=2-s2.0-0025128676&doi=10.1016%2f0169-4758%2890%2990388-K&partnerID=40&md5=66e3a530e85c8f3100293c66e59eb5bb","Department of Parasitology, ICB University of São Paulo, 05508 São Paulo, Brazil; Department of Cell Biology, University of Brasilia, 70910 Brasilia, Brazil","Camargo, E.P., Department of Parasitology, ICB University of São Paulo, 05508 São Paulo, Brazil; Kastelein, P., Department of Parasitology, ICB University of São Paulo, 05508 São Paulo, Brazil; Roitman, I., Department of Cell Biology, University of Brasilia, 70910 Brasilia, Brazil"
"Vieira J.B., Lacerda M.M., Marsden P.D.",1990,"https://www.scopus.com/inward/record.uri?eid=2-s2.0-0024994995&doi=10.1016%2f0169-4758%2890%2990180-C&partnerID=40&md5=bf821a3f4fbf0634dae7976b40709177","Division of Focal Endemic Diseases, Ministry of Health, Brasília, Brazil; Department of Medicine, University of Brasília, 70910 Brasília, DF, Brazil","Vieira, J.B., Division of Focal Endemic Diseases, Ministry of Health, Brasília, Brazil; Lacerda, M.M., Division of Focal Endemic Diseases, Ministry of Health, Brasília, Brazil; Marsden, P.D., Department of Medicine, University of Brasília, 70910 Brasília, DF, Brazil"
"Dorea J.G., Chaves W.S., Miazaki E.S.",1990,"https://www.scopus.com/inward/record.uri?eid=2-s2.0-0009458690&doi=10.1080%2f03670244.1990.9991116&partnerID=40&md5=6540b1776eba6258b87b5fe69a30e1b2","University of Brasilia, Brasilia, DF, Brazil; University of Hawaii at Manoa, Honolulu, HI, United States","Dorea, J.G., University of Brasilia, Brasilia, DF, Brazil; Chaves, W.S., University of Brasilia, Brasilia, DF, Brazil; Miazaki, E.S., University of Hawaii at Manoa, Honolulu, HI, United States"
"Keane M.P., Svensson S., Naves De Brito A., Correia N., Lunell S., Sjögren B., Inganäs O., Salaneck W.R.",1990,"https://www.scopus.com/inward/record.uri?eid=2-s2.0-36549097331&doi=10.1063%2f1.458978&partnerID=40&md5=b75b0018ac8387e00150ae71edc490f0","Department of Physics, Uppsala University, Box 530, S-752 21 Uppsala, Sweden; Department of Quantum Chemistry, Uppsala University, Box 518, S-751 20 Uppsala, Sweden; Department of Physics, IFM, Linkoping University, S-581 83 Linköping, Sweden; Departamento de Física, Universidade de Brasilia, 70910 Brasília-DF, Brazil","Keane, M.P., Department of Physics, Uppsala University, Box 530, S-752 21 Uppsala, Sweden; Svensson, S., Department of Physics, Uppsala University, Box 530, S-752 21 Uppsala, Sweden; Naves De Brito, A., Department of Physics, Uppsala University, Box 530, S-752 21 Uppsala, Sweden; Correia, N., Department of Physics, Uppsala University, Box 530, S-752 21 Uppsala, Sweden, Departamento de Física, Universidade de Brasilia, 70910 Brasília-DF, Brazil; Lunell, S., Department of Quantum Chemistry, Uppsala University, Box 518, S-751 20 Uppsala, Sweden; Sjögren, B., Department of Physics, IFM, Linkoping University, S-581 83 Linköping, Sweden; Inganäs, O., Department of Physics, IFM, Linkoping University, S-581 83 Linköping, Sweden; Salaneck, W.R., Department of Physics, IFM, Linkoping University, S-581 83 Linköping, Sweden"
"Netto E.M., Marsden P.D., Llanos-Cuentas E.A., Costa J.M.L., Cuba C.C., Barreto A.C., Badaró R., Johnson W.D., Jones T.C.",1990,"https://www.scopus.com/inward/record.uri?eid=2-s2.0-0025289021&doi=10.1016%2f0035-9203%2890%2990321-5&partnerID=40&md5=6a4e51334c1f8f2285112ae16f0028ca","Núcleo de Medicina Tropical e Nutrição, Universidade de Brasilia, DF, Brazil; Division of International Medicine, Cornell University Medical College, New York, United States; Universidade Federal da Bahia, Salvador, Bahia, Brazil","Netto, E.M., Núcleo de Medicina Tropical e Nutrição, Universidade de Brasilia, DF, Brazil; Marsden, P.D., Núcleo de Medicina Tropical e Nutrição, Universidade de Brasilia, DF, Brazil; Llanos-Cuentas, E.A., Núcleo de Medicina Tropical e Nutrição, Universidade de Brasilia, DF, Brazil; Costa, J.M.L., Núcleo de Medicina Tropical e Nutrição, Universidade de Brasilia, DF, Brazil; Cuba, C.C., Núcleo de Medicina Tropical e Nutrição, Universidade de Brasilia, DF, Brazil; Barreto, A.C., Núcleo de Medicina Tropical e Nutrição, Universidade de Brasilia, DF, Brazil; Badaró, R., Universidade Federal da Bahia, Salvador, Bahia, Brazil; Johnson, W.D., Division of International Medicine, Cornell University Medical College, New York, United States; Jones, T.C., Division of International Medicine, Cornell University Medical College, New York, United States"
"Giuliani G., Silva L.J.H.D., Couto P.",1990,"https://www.scopus.com/inward/record.uri?eid=2-s2.0-0025383712&doi=10.1007%2fBF03326384&partnerID=40&md5=3fe9e63b39096128af9d048d620dfbb3","ORSTOM, Universidade de Brasilia, Brazil; C.R.P.G., 15 Rue N.D. des Pauvres, BP 20, Vandoeuvre-Les Nancy, 54501, France; Mineraçã Caraiba Metais Ltda, Bahia, Brazil; Secretaria das Minas e Energia, C.P.R.M./SGM, Bahia, Brazil","Giuliani, G., ORSTOM, Universidade de Brasilia, Brazil, C.R.P.G., 15 Rue N.D. des Pauvres, BP 20, Vandoeuvre-Les Nancy, 54501, France; Silva, L.J.H.D., Mineraçã Caraiba Metais Ltda, Bahia, Brazil; Couto, P., Secretaria das Minas e Energia, C.P.R.M./SGM, Bahia, Brazil"
"Osorio R., De Oliveira M.J., Salinas S.R.",1989,"https://www.scopus.com/inward/record.uri?eid=2-s2.0-4243280420&doi=10.1088%2f0953-8984%2f1%2f38%2f014&partnerID=40&md5=06b2a2243cb487a59d22613c506ddeeb","Dept. de Fisica and Centro Internacional de Fisica da Materia Condensada, Brasilia Univ., Brazil","Osorio, R., Dept. de Fisica and Centro Internacional de Fisica da Materia Condensada, Brasilia Univ., Brazil; De Oliveira, M.J., Dept. de Fisica and Centro Internacional de Fisica da Materia Condensada, Brasilia Univ., Brazil; Salinas, S.R., Dept. de Fisica and Centro Internacional de Fisica da Materia Condensada, Brasilia Univ., Brazil"
"Maluf J.W.",1989,"https://www.scopus.com/inward/record.uri?eid=2-s2.0-36149031145&doi=10.1088%2f0264-9381%2f6%2f8%2f007&partnerID=40&md5=92e37e32d5a280e15dd61ba5e9dcbc17","Departamento de Fisica, Universidade de Brasilia, 70.910 Brasilia DF, Brazil","Maluf, J.W., Departamento de Fisica, Universidade de Brasilia, 70.910 Brasilia DF, Brazil"
"Maluf J.W.",1989,"https://www.scopus.com/inward/record.uri?eid=2-s2.0-33748314961&doi=10.1088%2f0264-9381%2f6%2f8%2f018&partnerID=40&md5=80acf6a656a0e4a57186c06647366c84","Departamento de Fisica, Universidade de Brasilia, 70.910 Brasilia DF, Brazil","Maluf, J.W., Departamento de Fisica, Universidade de Brasilia, 70.910 Brasilia DF, Brazil"
"Albert B., Ramos A.R.",1989,"https://www.scopus.com/inward/record.uri?eid=2-s2.0-0039253920&partnerID=40&md5=04308e9f8e419a7934dd79df24315dc6","Departmento de Antropologia, Instituto de Ciencias Humanas, Universidade de Brasilia, 70.910 Brasilia, D.F., Brazil","Albert, B., Departmento de Antropologia, Instituto de Ciencias Humanas, Universidade de Brasilia, 70.910 Brasilia, D.F., Brazil; Ramos, A.R., Departmento de Antropologia, Instituto de Ciencias Humanas, Universidade de Brasilia, 70.910 Brasilia, D.F., Brazil"
"Tosta C.E., Santos-Neto L.L.",1989,"https://www.scopus.com/inward/record.uri?eid=2-s2.0-0024941933&partnerID=40&md5=8557a2a94ab1cf4d47103d10d46bad6f","Laboratorio de Malaria, Nucleo de Medicina Tropical e Nutricao, Faculdade de Ciencias da Saude, Universidade de Brasilia, Brasilia, Brazil","Tosta, C.E., Laboratorio de Malaria, Nucleo de Medicina Tropical e Nutricao, Faculdade de Ciencias da Saude, Universidade de Brasilia, Brasilia, Brazil; Santos-Neto, L.L., Laboratorio de Malaria, Nucleo de Medicina Tropical e Nutricao, Faculdade de Ciencias da Saude, Universidade de Brasilia, Brasilia, Brazil"
"Malvar Henrique S., Duarte Raimundo",1989,"https://www.scopus.com/inward/record.uri?eid=2-s2.0-0024891398&partnerID=40&md5=008ad751de87aa2a402c308a25ba28e0","Dep of Electr Eng, Univ of Brasilia,, Brasilia, Braz","Malvar, Henrique S., Dep of Electr Eng, Univ of Brasilia,, Brasilia, Braz; Duarte, Raimundo, Dep of Electr Eng, Univ of Brasilia,, Brasilia, Braz"
"Alfaro S.C.A., Apps R.L.",1989,"https://www.scopus.com/inward/record.uri?eid=2-s2.0-0024866779&partnerID=40&md5=d54584e01f60bb6b12ad28addb4ee66a","Univ of Brasilia, Brazil","Alfaro, S.C.A., Univ of Brasilia, Brazil; Apps, R.L., Univ of Brasilia, Brazil"
"Ventura M.M.",1989,"https://www.scopus.com/inward/record.uri?eid=2-s2.0-0024849023&partnerID=40&md5=2a47a79a88adb216683b09c960771941","Departamento de Biologia Celular, Universidade de Brasília.","Ventura, M.M., Departamento de Biologia Celular, Universidade de Brasília."
"Luiz Tauil P.",1989,"https://www.scopus.com/inward/record.uri?eid=2-s2.0-0024811499&partnerID=40&md5=d8ab8508ab2b3643ae0f35eda1145844","Faculdade de Ciencias de Saude, Universidade de Brasilia, Saude, Brazil","Luiz Tauil, P., Faculdade de Ciencias de Saude, Universidade de Brasilia, Saude, Brazil"
"Ubatuba F.B.",1989,"https://www.scopus.com/inward/record.uri?eid=2-s2.0-0024780475&partnerID=40&md5=8db5640dae73f424d931c0042b7fbcb1","Farmacologia II (Médica), Faculdade de Ciências da Saúde, Universidade de Brasilia, DF, Brasil.","Ubatuba, F.B., Farmacologia II (Médica), Faculdade de Ciências da Saúde, Universidade de Brasilia, DF, Brasil."
"Palmeira E.M.",1989,"https://www.scopus.com/inward/record.uri?eid=2-s2.0-0024772897&partnerID=40&md5=ede042912aab064f1c9f4cd87c3fc5d9","Univ of Brasilia, Brazil","Palmeira, E.M., Univ of Brasilia, Brazil"
"Millington M.A., Costa C.H.N., Tavares A.M., Dourado H., Reid W.A., Macedo V., Prata A.",1989,"https://www.scopus.com/inward/record.uri?eid=2-s2.0-0024740267&partnerID=40&md5=9adefabcb3c33edbb117a50f3ae2a4f6","Nucleo de Medicina Tropical e Nutricao da Universidade de Brasilia, Brasilia, Brazil","Millington, M.A., Nucleo de Medicina Tropical e Nutricao da Universidade de Brasilia, Brasilia, Brazil; Costa, C.H.N., Nucleo de Medicina Tropical e Nutricao da Universidade de Brasilia, Brasilia, Brazil; Tavares, A.M., Nucleo de Medicina Tropical e Nutricao da Universidade de Brasilia, Brasilia, Brazil; Dourado, H., Nucleo de Medicina Tropical e Nutricao da Universidade de Brasilia, Brasilia, Brazil; Reid, W.A., Nucleo de Medicina Tropical e Nutricao da Universidade de Brasilia, Brasilia, Brazil; Macedo, V., Nucleo de Medicina Tropical e Nutricao da Universidade de Brasilia, Brasilia, Brazil; Prata, A., Nucleo de Medicina Tropical e Nutricao da Universidade de Brasilia, Brasilia, Brazil"
"Netto E.M., Costa J.M.L., Vieira J.B., Marsden P.D.",1989,"https://www.scopus.com/inward/record.uri?eid=2-s2.0-0024643829&partnerID=40&md5=2b25997026e63c7754e95762b5ec46bc","Nucleo de Medicina Tropical e Nutricao da Universidade de Brasilia e Ministerio da Saude, Brasilia, Brazil","Netto, E.M., Nucleo de Medicina Tropical e Nutricao da Universidade de Brasilia e Ministerio da Saude, Brasilia, Brazil; Costa, J.M.L., Nucleo de Medicina Tropical e Nutricao da Universidade de Brasilia e Ministerio da Saude, Brasilia, Brazil; Vieira, J.B., Nucleo de Medicina Tropical e Nutricao da Universidade de Brasilia e Ministerio da Saude, Brasilia, Brazil; Marsden, P.D., Nucleo de Medicina Tropical e Nutricao da Universidade de Brasilia e Ministerio da Saude, Brasilia, Brazil"
"Bezerra A.J.C., DiDio L.J.A., Piva Jr. L.",1989,"https://www.scopus.com/inward/record.uri?eid=2-s2.0-0024398421&doi=10.1007%2fBF02098694&partnerID=40&md5=7ff5ac5636b683dcf07e3de84b3007b4","Department of Anatomy, Medical College of Ohio, POB 10008, Toledo, 43699, Ohio, United States; University of Brasilia, Brazil","Bezerra, A.J.C., Department of Anatomy, Medical College of Ohio, POB 10008, Toledo, 43699, Ohio, United States; DiDio, L.J.A., Department of Anatomy, Medical College of Ohio, POB 10008, Toledo, 43699, Ohio, United States; Piva Jr., L., University of Brasilia, Brazil"
"Letelier P.S., Verdaguer E.",1989,"https://www.scopus.com/inward/record.uri?eid=2-s2.0-36149034282&doi=10.1088%2f0264-9381%2f6%2f5%2f012&partnerID=40&md5=110424295fe58e7bcdca12ed6a2f424c","Dept. de Matematica Aplicada-IMECC, Univ. Estadual de Campinas, 13081 Campinas SP, Brazil; Departament de Física Teòrica, Universitat Autònoma de Barcelona 08193 Bellaterra, Barcelona, Spain; Departamento de Física, Universidade de Brasília, 70910 Brasília DF, Brazil","Letelier, P.S., Dept. de Matematica Aplicada-IMECC, Univ. Estadual de Campinas, 13081 Campinas SP, Brazil, Departamento de Física, Universidade de Brasília, 70910 Brasília DF, Brazil; Verdaguer, E., Departament de Física Teòrica, Universitat Autònoma de Barcelona 08193 Bellaterra, Barcelona, Spain"
"Maia M.D.",1989,"https://www.scopus.com/inward/record.uri?eid=2-s2.0-0001098496&doi=10.1088%2f0264-9381%2f6%2f2%2f011&partnerID=40&md5=e43330a619bca60c58af0c6c1aec17b7","Dept. de Matemática, Brasilia Univ., 70910 Brasília DF, Brazil; Institute for Theoretical Physics, University of California, Santa Barbara, CA 93106, United States","Maia, M.D., Dept. de Matemática, Brasilia Univ., 70910 Brasília DF, Brazil, Institute for Theoretical Physics, University of California, Santa Barbara, CA 93106, United States"
"Takeya M., Ferreira J.M., Pearce R.G., Assumpçao M., Costa J.M., Sophia C.M.",1989,"https://www.scopus.com/inward/record.uri?eid=2-s2.0-0024876779&doi=10.1016%2f0040-1951%2889%2990062-0&partnerID=40&md5=f29dbcfe0d421b7d009372898aaccee3","Departamento de Fisica, Universidade Federal do Rio Grande do Norte, Natal, 59072, Brazil; Faculty of Mining and Petroleum Engineering, Delft University Technology P.O. Box 5028, 2600 GA DelftThe, Netherlands; Departamento de Geociências, Universidade de Brasilia 70910, BrasiliaBrazil; Instituto Astronômico e Geofisico, Universidade de São Paulo P. O. Box 30627, São PauloBrazil","Takeya, M., Departamento de Fisica, Universidade Federal do Rio Grande do Norte, Natal, 59072, Brazil; Ferreira, J.M., Departamento de Fisica, Universidade Federal do Rio Grande do Norte, Natal, 59072, Brazil; Pearce, R.G., Faculty of Mining and Petroleum Engineering, Delft University Technology P.O. Box 5028, 2600 GA DelftThe, Netherlands; Assumpçao, M., Departamento de Geociências, Universidade de Brasilia 70910, BrasiliaBrazil; Costa, J.M., Departamento de Fisica, Universidade Federal do Rio Grande do Norte, Natal, 59072, Brazil; Sophia, C.M., Instituto Astronômico e Geofisico, Universidade de São Paulo P. O. Box 30627, São PauloBrazil"
"Stripecke R., Rosato Y.B., Astolfi-Filho S.",1989,"https://www.scopus.com/inward/record.uri?eid=2-s2.0-0003213033&doi=10.1007%2fBF00270786&partnerID=40&md5=70221e5237921b603d7b8212b2176fd3","Department of Genetics and Evolution, Institute of Biology, UNICAMP, Campinas, 13.081, SP, Brazil; Department of Cellular Biology, Institute of Biological Science, University of Brasília, Brasília, 70.760, DF, Brazil","Stripecke, R., Department of Genetics and Evolution, Institute of Biology, UNICAMP, Campinas, 13.081, SP, Brazil; Rosato, Y.B., Department of Genetics and Evolution, Institute of Biology, UNICAMP, Campinas, 13.081, SP, Brazil; Astolfi-Filho, S., Department of Cellular Biology, Institute of Biological Science, University of Brasília, Brasília, 70.760, DF, Brazil"
"Dorea C.C.Y.",1989,"https://www.scopus.com/inward/record.uri?eid=2-s2.0-0024739835&partnerID=40&md5=2a53399796e5ef22124ec0308bfa2467","Univ de Brasilia, Brazil","Dorea, C.C.Y., Univ de Brasilia, Brazil"
"Da Costa C., Guegan G., Lerme M., Guerin M., Dal'Zotto B., Roussin J.C., Rey A.",1989,"https://www.scopus.com/inward/record.uri?eid=2-s2.0-0024716691&doi=10.1049%2fel%3a19890792&partnerID=40&md5=d9ed5a451a10fa3f4bdc87478142fa1b","Dept. de Engenharia Electrica, Universidade de Brasilia, Postal 153041, DF 70910, Brasilia, Brazil; Département Microélectronique, Centre d'Etudes Nucléaire de Grenoble, Avenue des Martyrs 85X, 38041, Grenoble, France; Thomson, DMS, Avenue de Rocheplaine, BP 13, 38251, Saint Egreve, France","Da Costa, C., Dept. de Engenharia Electrica, Universidade de Brasilia, Postal 153041, DF 70910, Brasilia, Brazil; Guegan, G., Département Microélectronique, Centre d'Etudes Nucléaire de Grenoble, Avenue des Martyrs 85X, 38041, Grenoble, France; Lerme, M., Département Microélectronique, Centre d'Etudes Nucléaire de Grenoble, Avenue des Martyrs 85X, 38041, Grenoble, France; Guerin, M., Département Microélectronique, Centre d'Etudes Nucléaire de Grenoble, Avenue des Martyrs 85X, 38041, Grenoble, France; Dal'Zotto, B., Département Microélectronique, Centre d'Etudes Nucléaire de Grenoble, Avenue des Martyrs 85X, 38041, Grenoble, France; Roussin, J.C., Département Microélectronique, Centre d'Etudes Nucléaire de Grenoble, Avenue des Martyrs 85X, 38041, Grenoble, France; Rey, A., Thomson, DMS, Avenue de Rocheplaine, BP 13, 38251, Saint Egreve, France"
"Maier R.",1989,"https://www.scopus.com/inward/record.uri?eid=2-s2.0-0000641720&doi=10.1007%2fBF01198559&partnerID=40&md5=f30662683270ede4a27802c4e65950fb","Universidade de Brasília, Departamento de Matemática - IE, Brasília-D.F., 70.910, Brazil","Maier, R., Universidade de Brasília, Departamento de Matemática - IE, Brasília-D.F., 70.910, Brazil"
"Maia M.D., Roque W.L.",1989,"https://www.scopus.com/inward/record.uri?eid=2-s2.0-0039741067&doi=10.1016%2f0375-9601%2889%2990343-5&partnerID=40&md5=6021ff3365b015e2f8b8b898e4b8ceff","Universidade de Brasília, Departamento de Matemática, 70.910 Brasília, DF, Brazil; International Centre for Theoretical Physics, P.O. Box 586, Trieste, Italy1 1 Permanent address., Italy","Maia, M.D., Universidade de Brasília, Departamento de Matemática, 70.910 Brasília, DF, Brazil; Roque, W.L., International Centre for Theoretical Physics, P.O. Box 586, Trieste, Italy1 1 Permanent address., Italy"
"Dianese J.C., Döbereiner J., Dos Santos L.T.",1989,"https://www.scopus.com/inward/record.uri?eid=2-s2.0-0024678828&partnerID=40&md5=2eab67c2e7167f0b72926c97792a3d34","Departamento de Fifopatologia, Universidade de Brasília, DF.","Dianese, J.C., Departamento de Fifopatologia, Universidade de Brasília, DF.; Döbereiner, J., Departamento de Fifopatologia, Universidade de Brasília, DF.; Dos Santos, L.T., Departamento de Fifopatologia, Universidade de Brasília, DF."
"Ventura M.M.",1989,"https://www.scopus.com/inward/record.uri?eid=2-s2.0-0024677333&partnerID=40&md5=dcaf24d4fdcd280bead5d6e45d3a756c","Departamento de Biologia Celular, Universidade de Brasília, DF.","Ventura, M.M., Departamento de Biologia Celular, Universidade de Brasília, DF."
"Duarte M.H., Lison M.P., Ferrari I., Soares L.R., Fernandes R.M.",1989,"https://www.scopus.com/inward/record.uri?eid=2-s2.0-0024675049&partnerID=40&md5=52c6ab2c701663754e71ab08b81647b6","Departamento de Medicina, Especializada da Fundação Universidade de Brasília.","Duarte, M.H., Departamento de Medicina, Especializada da Fundação Universidade de Brasília.; Lison, M.P., Departamento de Medicina, Especializada da Fundação Universidade de Brasília.; Ferrari, I., Departamento de Medicina, Especializada da Fundação Universidade de Brasília.; Soares, L.R., Departamento de Medicina, Especializada da Fundação Universidade de Brasília.; Fernandes, R.M., Departamento de Medicina, Especializada da Fundação Universidade de Brasília."
"Sander B.",1989,"https://www.scopus.com/inward/record.uri?eid=2-s2.0-34249968943&doi=10.1007%2fBF02207141&partnerID=40&md5=0698397e77b28208b34277a0f7cacf51","Organization of American States in Argentina, Argentina; Inter-American Society for Educational Administration, Brazil; University of Brasilia, Brazil; Latin American School of Social Sciences (FLACSO), Buenos Aires, Argentina","Sander, B., Organization of American States in Argentina, Argentina, Inter-American Society for Educational Administration, Brazil, University of Brasilia, Brazil, Latin American School of Social Sciences (FLACSO), Buenos Aires, Argentina"
"Rhemtulla A., Sidki S.",1989,"https://www.scopus.com/inward/record.uri?eid=2-s2.0-45349111668&doi=10.1016%2f0021-8693%2889%2990225-1&partnerID=40&md5=fc4e0794ae0f1655b908bb2bcb3b9d74","Department of Mathematics, University of Alberta, Edmonton, T6G 2G1, Canada; Departmento de Mathematica, Universidade de Brasilia, 70, 000 Brasilia-DF, Brazil, Brazil","Rhemtulla, A., Department of Mathematics, University of Alberta, Edmonton, T6G 2G1, Canada; Sidki, S., Departmento de Mathematica, Universidade de Brasilia, 70, 000 Brasilia-DF, Brazil, Brazil"
"Calheiros A., Maia M.D.",1989,"https://www.scopus.com/inward/record.uri?eid=2-s2.0-45149146056&doi=10.1016%2f0375-9601%2889%2990559-8&partnerID=40&md5=752caa299b1b4d450b2b5ac6b87d561e","Universidade de Brasilia, Departamento de Matematica, 70910 Brasilia D.F., Brazil","Calheiros, A., Universidade de Brasilia, Departamento de Matematica, 70910 Brasilia D.F., Brazil; Maia, M.D., Universidade de Brasilia, Departamento de Matematica, 70910 Brasilia D.F., Brazil"
"Jiao X.H., Guillon P., Bermudes L.",1989,"https://www.scopus.com/inward/record.uri?eid=2-s2.0-34249966998&doi=10.1007%2fBF01013412&partnerID=40&md5=25da7890f148981323c4dec550a5e442","I.R.C.O.M.-U.A. 356 CNRS, Université de Limoges, 123 Avenue A. Thomas, Limoges, F-87060, France; Depto.Eng.Electrica, Universidade de Brasilia, Brasilia, 70910, DF, Brazil","Jiao, X.H., I.R.C.O.M.-U.A. 356 CNRS, Université de Limoges, 123 Avenue A. Thomas, Limoges, F-87060, France; Guillon, P., I.R.C.O.M.-U.A. 356 CNRS, Université de Limoges, 123 Avenue A. Thomas, Limoges, F-87060, France; Bermudes, L., Depto.Eng.Electrica, Universidade de Brasilia, Brasilia, 70910, DF, Brazil"
"Palmeria Ennio M., Milligan George W.E.",1989,"https://www.scopus.com/inward/record.uri?eid=2-s2.0-0024622706&partnerID=40&md5=dcd863e5702cc315d756804ecf0f87a2","Univ de Brasilia, Brazil","Palmeria, Ennio M., Univ de Brasilia, Brazil; Milligan, George W.E., Univ de Brasilia, Brazil"
"Dorea J.G., Merchan-Hamann E., Ryan D.E., Holzbecher J.",1989,"https://www.scopus.com/inward/record.uri?eid=2-s2.0-0024515671&doi=10.1016%2f0009-8981%2889%2990097-1&partnerID=40&md5=b83d0a6494599ece9837b95ac3844054","Division of Nutrition, Tropical Medicine University of Brasilia Brazil, Brazil; Trace Analysis Research Centre Dalhousie University Halifax, NS, Canada","Dorea, J.G., Division of Nutrition, Tropical Medicine University of Brasilia Brazil, Brazil; Merchan-Hamann, E., Division of Nutrition, Tropical Medicine University of Brasilia Brazil, Brazil; Ryan, D.E., Trace Analysis Research Centre Dalhousie University Halifax, NS, Canada; Holzbecher, J., Trace Analysis Research Centre Dalhousie University Halifax, NS, Canada"
"Malvar H.S.",1989,"https://www.scopus.com/inward/record.uri?eid=2-s2.0-0024959538&doi=10.1049%2fel%3a19890217&partnerID=40&md5=adecb849ac2b7f0f540d9bf88cfb18bd","Dept. de Engenharia Elétrica, Universidade de Brasilia, 70.910, Brasilia, Brazil","Malvar, H.S., Dept. de Engenharia Elétrica, Universidade de Brasilia, 70.910, Brasilia, Brazil"
"Ribeiro A.d.F.",1989,"https://www.scopus.com/inward/record.uri?eid=2-s2.0-84985100160&doi=10.1901%2fjeab.1989.51-361&partnerID=40&md5=17ea130a70454c731329f0f041b113db","Universidade de Brasilia, Brazil","Ribeiro, A.d.F., Universidade de Brasilia, Brazil"
"Costa D.G., Goncalves J.V.A.",1989,"https://www.scopus.com/inward/record.uri?eid=2-s2.0-84963196646&doi=10.1080%2f00036818908839833&partnerID=40&md5=50563949a166b2e547690f3acb8566a0","Universidade de Brasīlia, Departamento de Matemātica, 70.910 Brasilia, DF, Brazil","Costa, D.G., Universidade de Brasīlia, Departamento de Matemātica, 70.910 Brasilia, DF, Brazil; Goncalves, J.V.A., Universidade de Brasīlia, Departamento de Matemātica, 70.910 Brasilia, DF, Brazil"
"Marsden P.D.",1989,"https://www.scopus.com/inward/record.uri?eid=2-s2.0-45349112139&doi=10.1016%2f0169-4758%2889%2990022-7&partnerID=40&md5=6fdecb70c39dd722da78ddd2a199df30","Nucleo de Medicina Tropical Universidade de Brasilia, 70910 Brasilia, DF, Brazil","Marsden, P.D., Nucleo de Medicina Tropical Universidade de Brasilia, 70910 Brasilia, DF, Brazil"
"Marsden P.D.",1989,"https://www.scopus.com/inward/record.uri?eid=2-s2.0-45149141506&doi=10.1016%2f0169-4758%2889%2990048-3&partnerID=40&md5=b7fa902b9483d379f2d48e686f26807f","Núcleo de Medicina Tropical Universidade de Brasilia, 70910 Brasília, DF, Brazil","Marsden, P.D., Núcleo de Medicina Tropical Universidade de Brasilia, 70910 Brasília, DF, Brazil"
"Silveira V.",1989,"https://www.scopus.com/inward/record.uri?eid=2-s2.0-35949009849&doi=10.1103%2fPhysRevD.39.2115&partnerID=40&md5=8dbd4794e57400dcef4272a8e6d2bd9c","Universidade de Brasília, Departamento de Física, 70910 Brasília, Brazil","Silveira, V., Universidade de Brasília, Departamento de Física, 70910 Brasília, Brazil"
"Fonseca A.L.A., Nunes O.A.C.",1989,"https://www.scopus.com/inward/record.uri?eid=2-s2.0-26344450245&doi=10.1103%2fPhysRevA.40.4107&partnerID=40&md5=017fd87a10ffdb7a7c11991b495f201a","Departamento de Fiiaasica, Universidade de Brasilia, 70910 Brasilia, Brazil, Distrito Federal, Brazil","Fonseca, A.L.A., Departamento de Fiiaasica, Universidade de Brasilia, 70910 Brasilia, Brazil, Distrito Federal, Brazil; Nunes, O.A.C., Departamento de Fiiaasica, Universidade de Brasilia, 70910 Brasilia, Brazil, Distrito Federal, Brazil"
"Nunes O.A.C., Fonseca A.L.A.",1989,"https://www.scopus.com/inward/record.uri?eid=2-s2.0-1542484674&doi=10.1103%2fPhysRevA.40.311&partnerID=40&md5=0f49bb0af6e552c00f37e968fe0a4014","Department of Physics, University of Brasilia, 70 910, Brasília, DF, Brazil","Nunes, O.A.C., Department of Physics, University of Brasilia, 70 910, Brasília, DF, Brazil; Fonseca, A.L.A., Department of Physics, University of Brasilia, 70 910, Brasília, DF, Brazil"
"Marsden P.D.",1989,"https://www.scopus.com/inward/record.uri?eid=2-s2.0-0024969125&doi=10.1136%2fbmj.299.6705.969&partnerID=40&md5=a5b6b91216520c9fd5ef4a49bf894cef","Núcleo de Medicina Tropical, Universidade de Brasilia, Brazil","Marsden, P.D., Núcleo de Medicina Tropical, Universidade de Brasilia, Brazil"
"Paviani A.",1989,"https://www.scopus.com/inward/record.uri?eid=2-s2.0-0024917868&partnerID=40&md5=d18d59a735c7de158bf21546c29a843a","Depto de Geografia, Inst de Ciencias Humanas, Univ de Brasilia, 70919, Brasilia, DF, Brazil, Brazil","Paviani, A., Depto de Geografia, Inst de Ciencias Humanas, Univ de Brasilia, 70919, Brasilia, DF, Brazil, Brazil"
"de Sousa M.V., Morhy L.",1989,"https://www.scopus.com/inward/record.uri?eid=2-s2.0-0024912638&partnerID=40&md5=ea8e3f03d8f6c7751b1b8abda76a690e","Departamento de Biologia Celular, Universidade de Brasília, Brasil, Brazil","de Sousa, M.V., Departamento de Biologia Celular, Universidade de Brasília, Brasil, Brazil; Morhy, L., Departamento de Biologia Celular, Universidade de Brasília, Brasil, Brazil"
"Marsden P.D.",1989,"https://www.scopus.com/inward/record.uri?eid=2-s2.0-0024789793&doi=10.1136%2fbmj.299.6715.1620&partnerID=40&md5=90eea3628ea669800ee7f28648eb9ed1","Núcleo de Medicina Tropical, Universidade de Brasilia-CP 153121, Brasilia DF, Brazil","Marsden, P.D., Núcleo de Medicina Tropical, Universidade de Brasilia-CP 153121, Brasilia DF, Brazil"
"McGreevy P.B., Dietze R., Prata A., Hembree S.C.",1989,"https://www.scopus.com/inward/record.uri?eid=2-s2.0-0024752919&partnerID=40&md5=057ac74e0e4de0225a95e590b9850234","Núcleo de Medicina Tropical e Nutrição, Universidade de Brasília (NMTN/UnB), DF, Brasil, Brazil","McGreevy, P.B., Núcleo de Medicina Tropical e Nutrição, Universidade de Brasília (NMTN/UnB), DF, Brasil, Brazil; Dietze, R., Núcleo de Medicina Tropical e Nutrição, Universidade de Brasília (NMTN/UnB), DF, Brasil, Brazil; Prata, A., Núcleo de Medicina Tropical e Nutrição, Universidade de Brasília (NMTN/UnB), DF, Brasil, Brazil; Hembree, S.C., Núcleo de Medicina Tropical e Nutrição, Universidade de Brasília (NMTN/UnB), DF, Brasil, Brazil"
"Paine P., Da Gloria Wright M.",1989,"https://www.scopus.com/inward/record.uri?eid=2-s2.0-0024690636&doi=10.1177%2f004947558901900309&partnerID=40&md5=4fd6f95d8b76a63b81840c69eb6149f9","Faculty of Health Sciences, University of Brasília, 70910, Brasília, Brazil","Paine, P., Faculty of Health Sciences, University of Brasília, 70910, Brasília, Brazil; Da Gloria Wright, M., Faculty of Health Sciences, University of Brasília, 70910, Brasília, Brazil"
"Teixeira A.R.L., Santana J.M.",1989,"https://www.scopus.com/inward/record.uri?eid=2-s2.0-0024508844&doi=10.4269%2fajtmh.1989.40.165&partnerID=40&md5=8bc38638b78df2c29ce03c8aa9a04d77","Laboratory of Immunopathology/MDC, Faculty of Health Sciences, University of Brasilia, Brasilia-DF, Brazil","Teixeira, A.R.L., Laboratory of Immunopathology/MDC, Faculty of Health Sciences, University of Brasilia, Brasilia-DF, Brazil; Santana, J.M., Laboratory of Immunopathology/MDC, Faculty of Health Sciences, University of Brasilia, Brasilia-DF, Brazil"
"SOBRAL D.T.",1989,"https://www.scopus.com/inward/record.uri?eid=2-s2.0-0024503757&doi=10.1111%2fj.1365-2923.1989.tb00814.x&partnerID=40&md5=d40aec9c705b8f884a6c011104fa9356","Department of Medicine, University of Brasília, Brazil","SOBRAL, D.T., Department of Medicine, University of Brasília, Brazil"
"Cunha-Neto E., Rizzo L.V.",1989,"https://www.scopus.com/inward/record.uri?eid=2-s2.0-0024472818&partnerID=40&md5=7d8291b45767db0caaf90e611f21cfad","Laboratorio de Imunopatologia, Departamento de Medicina Complementar, Faculdade de Ciencias da Saude, Universidade de Brasilia, 70910 Brasilia, Brazil","Cunha-Neto, E., Laboratorio de Imunopatologia, Departamento de Medicina Complementar, Faculdade de Ciencias da Saude, Universidade de Brasilia, 70910 Brasilia, Brazil; Rizzo, L.V., Laboratorio de Imunopatologia, Departamento de Medicina Complementar, Faculdade de Ciencias da Saude, Universidade de Brasilia, 70910 Brasilia, Brazil"
"Oliveira C.A., Pinheiro L.C.F., Gomes M.R.",1989,"https://www.scopus.com/inward/record.uri?eid=2-s2.0-0024454862&doi=10.1177%2f000348948909801004&partnerID=40&md5=146aa76aa62ec0d23185a2adc876e783","Department of Otolaryngology, Brasilia University Medical School, Brasilia, Brazil","Oliveira, C.A., Department of Otolaryngology, Brasilia University Medical School, Brasilia, Brazil; Pinheiro, L.C.F., Department of Otolaryngology, Brasilia University Medical School, Brasilia, Brazil; Gomes, M.R., Department of Otolaryngology, Brasilia University Medical School, Brasilia, Brazil"
"Báo S.N., Quagio-Grassiotto I., Dolder H.",1989,"https://www.scopus.com/inward/record.uri?eid=2-s2.0-0024395908&partnerID=40&md5=fa425103c48fe06ca0e575077addce29","Departamento de Biologia Animal, Universidade de Brasília, Brasil, Brazil","Báo, S.N., Departamento de Biologia Animal, Universidade de Brasília, Brasil, Brazil; Quagio-Grassiotto, I., Departamento de Biologia Animal, Universidade de Brasília, Brasil, Brazil; Dolder, H., Departamento de Biologia Animal, Universidade de Brasília, Brasil, Brazil"
"Santana J.M., Teixeira A.R.L.",1989,"https://www.scopus.com/inward/record.uri?eid=2-s2.0-0024358880&doi=10.4269%2fajtmh.1989.41.177&partnerID=40&md5=df96254986f0de46dccba3d26b014a1a","Laboratory of Immunopathology, Faculty of Health Sciences, University of Brasilia, 70 910 Brasilia, Brazil","Santana, J.M., Laboratory of Immunopathology, Faculty of Health Sciences, University of Brasilia, 70 910 Brasilia, Brazil; Teixeira, A.R.L., Laboratory of Immunopathology, Faculty of Health Sciences, University of Brasilia, 70 910 Brasilia, Brazil"
"Marsden P.D.",1989,"https://www.scopus.com/inward/record.uri?eid=2-s2.0-0024351266&doi=10.1016%2f0035-9203%2889%2990356-8&partnerID=40&md5=7fe720147f72244b338c875462f9573c","Nūcleo de Medicina Tropical e Nutriçāo, Universidade de Brasilia, C.P. 153121, D. F., Brasilia, 70 910, Brazil","Marsden, P.D., Nūcleo de Medicina Tropical e Nutriçāo, Universidade de Brasilia, C.P. 153121, D. F., Brasilia, 70 910, Brazil"
"Rizzo L.V., Cunha-Neto E., Teixeira A.R.L.",1989,"https://www.scopus.com/inward/record.uri?eid=2-s2.0-0024328930&partnerID=40&md5=a976d66b33e2e0eee675af2a314de562","Laboratory of Immunopathology, MDC/Faculdade de Ciencias da Saude, Universidade de Brasilia, 70910 Brasilia, Brazil","Rizzo, L.V., Laboratory of Immunopathology, MDC/Faculdade de Ciencias da Saude, Universidade de Brasilia, 70910 Brasilia, Brazil; Cunha-Neto, E., Laboratory of Immunopathology, MDC/Faculdade de Ciencias da Saude, Universidade de Brasilia, 70910 Brasilia, Brazil; Teixeira, A.R.L., Laboratory of Immunopathology, MDC/Faculdade de Ciencias da Saude, Universidade de Brasilia, 70910 Brasilia, Brazil"
"Casulari Da Motta L.D., Casulari Roxo Da Motta L.A., Toledo Gagliardi A.R.",1989,"https://www.scopus.com/inward/record.uri?eid=2-s2.0-0024318481&partnerID=40&md5=6d2c84e7464864ea16cf97d545414ac1","Servico de Ginecologia-Obstetricia, Faculdade de Ciencias da Saude, Universidade de Brasilia, 70910 Brasilia DF, Brazil","Casulari Da Motta, L.D., Servico de Ginecologia-Obstetricia, Faculdade de Ciencias da Saude, Universidade de Brasilia, 70910 Brasilia DF, Brazil; Casulari Roxo Da Motta, L.A., Servico de Ginecologia-Obstetricia, Faculdade de Ciencias da Saude, Universidade de Brasilia, 70910 Brasilia DF, Brazil; Toledo Gagliardi, A.R., Servico de Ginecologia-Obstetricia, Faculdade de Ciencias da Saude, Universidade de Brasilia, 70910 Brasilia DF, Brazil"
"Marsden P.D.",1989,"https://www.scopus.com/inward/record.uri?eid=2-s2.0-0024306043&partnerID=40&md5=9dfb66fb3ca1e18fdee1475aba93a6fc","Nucleo de Medicina Tropical, Universidade de Brasilia, CP 153121, 70.010 Brasilia, Brazil","Marsden, P.D., Nucleo de Medicina Tropical, Universidade de Brasilia, CP 153121, 70.010 Brasilia, Brazil"
"Reifschneider F.J.B., Cafe A.C., Dusi A.N., Kitajima E.W.",1989,"https://www.scopus.com/inward/record.uri?eid=2-s2.0-9544255453&doi=10.1080%2f09670878909371386&partnerID=40&md5=8ca53643d54623175853911f70b24b18","Centro National de Pesquisa de Hortaliças/EMBRAPA, Caixa postal 07.0218, Brasilia, DF, 70.359, Brazil; Departamento de Biologia Celular, Universidade de Brasilia, Brasilia, DF, 70910, Brazil","Reifschneider, F.J.B., Centro National de Pesquisa de Hortaliças/EMBRAPA, Caixa postal 07.0218, Brasilia, DF, 70.359, Brazil; Cafe, A.C., Centro National de Pesquisa de Hortaliças/EMBRAPA, Caixa postal 07.0218, Brasilia, DF, 70.359, Brazil; Dusi, A.N., Centro National de Pesquisa de Hortaliças/EMBRAPA, Caixa postal 07.0218, Brasilia, DF, 70.359, Brazil; Kitajima, E.W., Centro National de Pesquisa de Hortaliças/EMBRAPA, Caixa postal 07.0218, Brasilia, DF, 70.359, Brazil, Departamento de Biologia Celular, Universidade de Brasilia, Brasilia, DF, 70910, Brazil"
"Beals R., Rabelo M., Tenenblat K.",1989,"https://www.scopus.com/inward/record.uri?eid=2-s2.0-84943179275&doi=10.1002%2fsapm1989812125&partnerID=40&md5=56aaa62a22514ebb0c01f8a534065dbb","Yale University, United States; Universidade de Brasília, Brazil","Beals, R., Yale University, United States, Universidade de Brasília, Brazil; Rabelo, M., Yale University, United States, Universidade de Brasília, Brazil; Tenenblat, K., Yale University, United States, Universidade de Brasília, Brazil"
"Dajczer M., Tenenblat K.",1989,"https://www.scopus.com/inward/record.uri?eid=2-s2.0-38349094330&doi=10.1090%2fS0002-9947-1989-0956030-4&partnerID=40&md5=2e39fac71f1e34d8f206973fef8e8c45","IMPA, Estrada Dona Castorina, Jardim Botanico, Rio de Janeiro-Rj, 22-460, Brazil; Departamento de Matematica, Universidade de Brasilia, Brasilia-Df, 70-910, Brazil","Dajczer, M., IMPA, Estrada Dona Castorina, Jardim Botanico, Rio de Janeiro-Rj, 22-460, Brazil, Departamento de Matematica, Universidade de Brasilia, Brasilia-Df, 70-910, Brazil; Tenenblat, K., IMPA, Estrada Dona Castorina, Jardim Botanico, Rio de Janeiro-Rj, 22-460, Brazil, Departamento de Matematica, Universidade de Brasilia, Brasilia-Df, 70-910, Brazil"
"Fu Y., Chao K.A., Osrio R.",1989,"https://www.scopus.com/inward/record.uri?eid=2-s2.0-33744623657&doi=10.1103%2fPhysRevB.40.6417&partnerID=40&md5=5f744ce65dc96927440adabb732d4580","Department of Physics and Measurement Technology, University of Linköping, S-581 83 Linköping, Sweden; Departamento de Física and Centro Internacional de Física da Matéria Condensada, Universidade de Brasília, 70 910 Brasilia, Brazil","Fu, Y., Department of Physics and Measurement Technology, University of Linköping, S-581 83 Linköping, Sweden; Chao, K.A., Department of Physics and Measurement Technology, University of Linköping, S-581 83 Linköping, Sweden; Osrio, R., Departamento de Física and Centro Internacional de Física da Matéria Condensada, Universidade de Brasília, 70 910 Brasilia, Brazil"
"Giuliani G., Cheilletz A., Zimmermann J.L.",1989,"https://www.scopus.com/inward/record.uri?eid=2-s2.0-0024927617&doi=10.1016%2f0899-5362%2889%2990046-8&partnerID=40&md5=690a98124161f6a380f64a6597409d05","Centre de Recherches Pétrographiques et Géochimiques, CRPG-CNRS, BP 20, 54501 Vandoeuvre-lès-Nancy, France; ORSTOM, Universidade de Brasilia, Brazil","Giuliani, G., Centre de Recherches Pétrographiques et Géochimiques, CRPG-CNRS, BP 20, 54501 Vandoeuvre-lès-Nancy, France, ORSTOM, Universidade de Brasilia, Brazil; Cheilletz, A., Centre de Recherches Pétrographiques et Géochimiques, CRPG-CNRS, BP 20, 54501 Vandoeuvre-lès-Nancy, France; Zimmermann, J.L., Centre de Recherches Pétrographiques et Géochimiques, CRPG-CNRS, BP 20, 54501 Vandoeuvre-lès-Nancy, France"
"Soares A.J.M., De Assis S.B.",1989,"https://www.scopus.com/inward/record.uri?eid=2-s2.0-0024753963&doi=10.1109%2f8.43540&partnerID=40&md5=debffd9dc302b09ef50cb5e7392ff80d","Department of Electrical Engineering, School of Technology, University of Brasília, CEP, 70910 Brasília, DF, Brazil; Microwave and Optical Department, School of Electrical Engineering, State University of Campinas, C.P. 6101, CEP, 13081—Campinas SP, Brazil","Soares, A.J.M., Department of Electrical Engineering, School of Technology, University of Brasília, CEP, 70910 Brasília, DF, Brazil; De Assis, S.B., Department of Electrical Engineering, School of Technology, University of Brasília, CEP, 70910 Brasília, DF, Brazil, Microwave and Optical Department, School of Electrical Engineering, State University of Campinas, C.P. 6101, CEP, 13081—Campinas SP, Brazil"
"Ridley D.S., De Magalhaes A.V., Marsden P.D.",1989,"https://www.scopus.com/inward/record.uri?eid=2-s2.0-0024788393&doi=10.1002%2fpath.1711590406&partnerID=40&md5=0dda2da741704d704ad7f6bd7b348dde","The Bland-Sutton Institute of Pathology, University College Middlesex School of Medicine, London, United Kingdom; Laboratorio de Patologia, Departamento de Medicina Complementar, Universidade de Brasilia, Brasilia, 70910, Brazil; Nucleo de Medicina Tropical Da Universidade de Brasilia, Brazil","Ridley, D.S., The Bland-Sutton Institute of Pathology, University College Middlesex School of Medicine, London, United Kingdom; De Magalhaes, A.V., Laboratorio de Patologia, Departamento de Medicina Complementar, Universidade de Brasilia, Brasilia, 70910, Brazil; Marsden, P.D., Nucleo de Medicina Tropical Da Universidade de Brasilia, Brazil"
"Singh P., Joseph D.D., Lundgren T.",1989,"https://www.scopus.com/inward/record.uri?eid=2-s2.0-0024719404&doi=10.1017%2fS0022112089002144&partnerID=40&md5=fa3cf646ee4049f57afd30c21b2e41c0","Department of Aerospace Engineering and Mechanics, University of Minnesota, 107 Akerman Hall, Minneapolis, MN 55455, United States; Department of Mathematics, Swiss Federal Institute of Technology, CH-1015 Lausanne, Switzerland; Department of Mechanical Engineering, University of Brasilia, 70910 Brasilia DF, Brazil","Singh, P., Department of Aerospace Engineering and Mechanics, University of Minnesota, 107 Akerman Hall, Minneapolis, MN 55455, United States, Department of Mathematics, Swiss Federal Institute of Technology, CH-1015 Lausanne, Switzerland, Department of Mechanical Engineering, University of Brasilia, 70910 Brasilia DF, Brazil; Joseph, D.D., Department of Aerospace Engineering and Mechanics, University of Minnesota, 107 Akerman Hall, Minneapolis, MN 55455, United States; Lundgren, T., Department of Aerospace Engineering and Mechanics, University of Minnesota, 107 Akerman Hall, Minneapolis, MN 55455, United States"
"Zajtchuk J.T., Casler J.D., Netto E.M., Grogl M., Neafie R.C., Hessel C.R., de Magalhaes A.V., Marsden P.D.",1989,"https://www.scopus.com/inward/record.uri?eid=2-s2.0-0024433024&partnerID=40&md5=5ae349c41f4c13c63f36d52c7ab90f96","Otolaryngology/Head and Neck Surgery Service, Walter Reed Army Medical Center, Washington, DC, United States; the Tropical Medicine Unit, University of Brasilia, Brazil; the Department of Parasitology, Walter Reed Army Institute of Research, Washington, DC, United States; the Department of Infectious and Parasitic Diseases, Armed Forces Institute of Pathology, Washington, DC, United States; the Information Center, Walter Reed Army Medical Center, Washington, DC, United States; the Pathology Laboratory, Department of Complementary Medicine, University of Brasilia, Brazil","Zajtchuk, J.T., Otolaryngology/Head and Neck Surgery Service, Walter Reed Army Medical Center, Washington, DC, United States; Casler, J.D., Otolaryngology/Head and Neck Surgery Service, Walter Reed Army Medical Center, Washington, DC, United States; Netto, E.M., the Tropical Medicine Unit, University of Brasilia, Brazil; Grogl, M., the Department of Parasitology, Walter Reed Army Institute of Research, Washington, DC, United States; Neafie, R.C., the Department of Infectious and Parasitic Diseases, Armed Forces Institute of Pathology, Washington, DC, United States; Hessel, C.R., the Information Center, Walter Reed Army Medical Center, Washington, DC, United States; de Magalhaes, A.V., the Pathology Laboratory, Department of Complementary Medicine, University of Brasilia, Brazil; Marsden, P.D., the Tropical Medicine Unit, University of Brasilia, Brazil"
"Diaz L.A., Sampaio S.A.P., Rivitti E.A., Martins C.R., Cunha P.R., Lombardi C., Almeida F.A., Castro R.M., Macca M.L., Lavrado C., Filho G.H., Borges P., Chaul A., Minelli L., Empinotti J.C., Friedman H., Campbell I., Labib R.S., Anhalt G.J.",1989,"https://www.scopus.com/inward/record.uri?eid=2-s2.0-0024597627&doi=10.1111%2f1523-1747.ep13070394&partnerID=40&md5=73127a8d31a44e56c89c5df50576e809","Immunodermatology Unit, Department of Dermatology, The Johns Hopkins University School of Medicine, Baltimore, MD, United States; Departamento of Dermatologia, Universidade de Sao Paulo, Sao Paulo, Brazil; Departamento of Epidemiologia, Universidade de Sao Paulo, Sao Paulo, Brazil; Departamento de Dermatologia, Escola Paulista de Medicina, Sao Paulo, Brazil; Servicio de Dermatologia, Hospital Adhemar de Barros, Sao Paulo, Brazil; Hospital Adventista do Penfigo, Campo Grande, Mato Grosso, Brazil, Brazil; Servicio de Dermatologia, Hospital do Penfigo and Doencas Tropicaes, Goiania, Goias, Brazil; Departamento de Dermatologia, Universidade de Londrina, Londrina, Parana, Brazil; Servicio de Dermatologia, Unidade de Saude de Parana, Cascavel, Parana, Brazil; Departamentos de Patologia y Dermatologia, Universidade Federal de Brasilia, Brasilia, Brazil","Diaz, L.A., Immunodermatology Unit, Department of Dermatology, The Johns Hopkins University School of Medicine, Baltimore, MD, United States; Sampaio, S.A.P., Departamento of Dermatologia, Universidade de Sao Paulo, Sao Paulo, Brazil; Rivitti, E.A., Departamento of Dermatologia, Universidade de Sao Paulo, Sao Paulo, Brazil; Martins, C.R., Departamento of Dermatologia, Universidade de Sao Paulo, Sao Paulo, Brazil; Cunha, P.R., Departamento of Dermatologia, Universidade de Sao Paulo, Sao Paulo, Brazil; Lombardi, C., Departamento of Epidemiologia, Universidade de Sao Paulo, Sao Paulo, Brazil; Almeida, F.A., Departamento de Dermatologia, Escola Paulista de Medicina, Sao Paulo, Brazil; Castro, R.M., Departamento de Dermatologia, Escola Paulista de Medicina, Sao Paulo, Brazil; Macca, M.L., Servicio de Dermatologia, Hospital Adhemar de Barros, Sao Paulo, Brazil; Lavrado, C., Hospital Adventista do Penfigo, Campo Grande, Mato Grosso, Brazil, Brazil; Filho, G.H., Hospital Adventista do Penfigo, Campo Grande, Mato Grosso, Brazil, Brazil; Borges, P., Servicio de Dermatologia, Hospital do Penfigo and Doencas Tropicaes, Goiania, Goias, Brazil; Chaul, A., Servicio de Dermatologia, Hospital do Penfigo and Doencas Tropicaes, Goiania, Goias, Brazil; Minelli, L., Departamento de Dermatologia, Universidade de Londrina, Londrina, Parana, Brazil; Empinotti, J.C., Servicio de Dermatologia, Unidade de Saude de Parana, Cascavel, Parana, Brazil; Friedman, H., Departamentos de Patologia y Dermatologia, Universidade Federal de Brasilia, Brasilia, Brazil; Campbell, I., Departamentos de Patologia y Dermatologia, Universidade Federal de Brasilia, Brasilia, Brazil; Labib, R.S., Immunodermatology Unit, Department of Dermatology, The Johns Hopkins University School of Medicine, Baltimore, MD, United States; Anhalt, G.J., Immunodermatology Unit, Department of Dermatology, The Johns Hopkins University School of Medicine, Baltimore, MD, United States"
